country_id,country,total_population,total_military_manpower,fit_for_service,population_reaching_military_age_annually,active_personnel,reserve_personnel,paramilitary,total_military_aircraft,fighter_aircraft,attack_aircraft,transport_aircraft,trainer_aircraft,special_mission_aircraft,tanker_aircraft,total_military_helicopters,attack_helicopters,tanks,armored_fighting_vehicles,self_propelled_artillery,towed_artillery,rocket_projectors,total_naval_fleet,total_naval_fleet_tonnage_mt,aircraft_carriers,helicopter_carriers,submarines,destroyers,frigates,corvettes,coastal_patrol_craft,mine_warfare_craft,defense_budget_usd,external_debt_usd,purchasing_power_parity_usd,foreign_exchange_and_gold_reserves_usd,total_serviceable_airports,labour_force,major_ports_and_terminals,total_merchant_marine_fleet,railway_coverage_km,roadway_coverage_km,oil_production_bbl,oil_consumption_bbl,proven_oil_reserves_bbl,natural_gas_production_cum,natural_gas_consumption_cum,proven_natural_gas_reserves_cum,coal_production_cum,coal_consumption_mt,proven_coal_reserves_cum,total_land_area_sq_km,coastline_coverage_km,border_coverage_km,waterway_coverage_km,power_index_rank,power_index_score,continent,region,gdp_usd,alliance
1,China,"1,415,043,270","764,123,366","626,864,169","19,810,606","2,035,000","510,000","625,000","3,529","1,443",371,287,401,105,9,"1,007",281,"5,870","152,040","2,940","1,400","2,770",841,"3,192,411",3,4,61,53,46,50,150,36,"$ 303,000,000,000","$ 488,114,000,000","$ 33,598,000,000,000","$ 3,456,000,000,000",552,"773,880,000",66,"8,314","150,000 km","5,200,000 km","4,984,000 bbl","16,189,000 bbl","26,023,000,000 bbl","225,341,000,000 Cu.M","366,160,000,000 Cu.M","6,654,000,000,000 Cu.M","4,805,000,000 Cu.M","5,191,000,000 mt","157,041,000,000 Cu.M","9,596,960 km","14,500 km","22,457 km","27,700 km",3,,Asia,Eastern Asia,18000000000000.0,
2,India,"1,409,128,296","662,290,299","522,786,598","23,955,181","1,431,000","1,000,000","2,527,000","2,183",476,124,277,334,72,6,594,79,"3,913","163,554",100,"5,640",300,343,"631,989",2,0,18,13,18,21,146,0,"$ 109,000,000,000","$ 212,728,000,000","$ 14,244,000,000,000","$ 643,043,000,000",315,"607,691,000",56,"1,859","65,554 km","6,371,847 km","822,000 bbl","5,271,000 bbl","4,605,000,000 bbl","33,170,000,000 Cu.M","58,867,000,000 Cu.M","1,381,000,000,000 Cu.M","1,020,000,000 Cu.M","1,262,000,000 mt","127,727,000,000 Cu.M","3,287,263 km","7,000 km","13,888 km","14,500 km",4,,Asia,Southern Asia,3390000000000.0,
3,United States,"341,963,408","150,463,900","124,816,644","4,445,524","1,333,030","799,500",0,"13,032","1,791",926,917,"2,610",611,610,"5,913","1,024","4,666","409,660","1,521","1,878","1,731",465,"8,265,799",11,9,66,83,0,27,0,4,"$ 831,500,000,000","$ 24,538,900,710,000","$ 25,676,000,000,000","$ 910,037,000,000","16,116","174,174,000",666,"3,533","293,564 km","6,586,610 km","20,953,000 bbl","20,307,000 bbl","38,212,000,000 bbl","1,029,000,000,000 Cu.M","914,301,000,000 Cu.M","13,402,000,000,000 Cu.M","534,234,000 Cu.M","495,156,000 mt","247,883,000,000 Cu.M","9,833,517 km","19,924 km","12,002 km","41,009 km",1,,Americas,Northern America,25500000000000.0,NATO
4,Indonesia,"281,562,465","137,965,608","114,595,923","4,786,562","404,500","401,000","250,000",460,41,34,73,114,15,1,212,15,331,"28,064",153,396,67,338,"324,754",0,0,4,0,10,26,211,10,"$ 11,155,297,716","$ 225,273,000,000","$ 4,102,000,000,000","$ 155,708,000,000",556,"143,144,000",123,"11,422","8,159 km","496,607 km","865,000 bbl","1,645,000 bbl","2,480,000,000 bbl","57,410,000,000 Cu.M","36,061,000,000 Cu.M","1,408,000,000,000 Cu.M","783,453,000 Cu.M","281,159,000 mt","35,055,000,000 Cu.M","1,904,569 km","54,716 km","2,958 km","21,579 km",13,,Asia,South-eastern Asia,1320000000000.0,
5,Pakistan,"252,363,571","108,516,336","85,803,614","4,794,908","660,000","550,000","500,000","1,397",331,90,63,563,27,4,379,55,"2,677","59,044",662,"2,629",652,120,"115,187",0,0,8,0,9,6,79,3,"$ 9,102,115,350","$ 89,148,000,000","$ 1,390,000,000,000","$ 18,408,000,000",117,"83,644,000",3,60,"11,881 km","264,175 km","91,000 bbl","645,000 bbl","540,000,000 bbl","36,937,000,000 Cu.M","46,448,000,000 Cu.M","592,219,000,000 Cu.M","13,765,000 Cu.M","30,191,000 mt","2,857,000,000 Cu.M","796,095 km","1,046 km","7,257 km",0 km,14,,Asia,Southern Asia,377000000000.0,
6,Nigeria,"236,747,130","125,475,979","90,437,404","4,261,448","230,000",0,"50,000",159,14,24,12,28,12,0,69,15,330,"12,219",40,339,37,152,"38,052",0,0,0,0,1,0,132,2,"$ 3,900,000,000","$ 45,009,000,000","$ 1,318,000,000,000","$ 38,612,000,000",50,"113,350,000",28,928,"3,798 km","195,000 km","1,541,000 bbl","527,000 bbl","36,890,000,000 bbl","39,951,000,000 Cu.M","20,719,000,000 Cu.M","5,761,000,000,000 Cu.M","1,322,000 Cu.M","1,326,000 mt","2,144,000,000 Cu.M","923,768 km",853 km,"4,477 km","8,600 km",33,,Africa,Sub-Saharan Africa,477000000000.0,
7,Brazil,"220,051,512","112,226,271","88,680,759","3,520,824","376,000","1,340,000","200,000",495,44,30,107,124,25,0,186,0,294,"22,464",149,412,82,69,"166,419",0,1,6,0,8,2,22,4,"$ 26,400,000,000","$ 198,582,000,000","$ 4,165,000,000,000","$ 329,732,000,000","5,297","106,790,000",45,888,"29,850 km","2,000,000 km","4,221,000 bbl","3,163,000 bbl","12,715,000,000 bbl","22,670,000,000 Cu.M","31,654,000,000 Cu.M","363,985,000,000 Cu.M","15,556,000 Cu.M","32,223,000 mt","6,596,000,000 Cu.M","8,515,770 km","7,491 km","16,145 km","50,000 km",11,,Americas,Latin America and the Caribbean,1920000000000.0,
8,Bangladesh,"168,697,184","82,661,620","66,129,296","3,205,246","204,000",0,"6,800,000",212,41,0,17,83,4,0,67,0,320,"11,584",36,487,103,121,"75,280",0,0,2,0,7,6,61,5,"$ 3,340,000,000","$ 58,020,000,000","$ 1,473,000,000,000","$ 21,395,000,000",17,"77,355,000",2,558,"2,460 km","369,105 km","13,000 bbl","263,000 bbl","28,000,000 bbl","24,620,000,000 Cu.M","30,384,000,000 Cu.M","126,293,000,000 Cu.M","767,000 Cu.M","14,050,000 mt","3,260,000,000 Cu.M","148,460 km",580 km,"4,413 km","8,370 km",37,,Asia,Southern Asia,460000000000.0,
9,Russia,"140,820,810","69,002,197","46,189,226","1,267,387","1,320,000","2,000,000","250,000","4,237",861,698,458,530,137,18,"1,643",556,"5,630","126,512","3,603","5,920","2,486",747,"1,426,539",1,0,66,13,12,79,70,45,"$ 212,638,272,000","$ 226,475,750,000","$ 6,089,000,000,000","$ 597,217,000,000",905,"72,517,000",67,"2,910","85,494 km","1,283,387 km","10,879,000 bbl","3,863,000 bbl","80,000,000,000 bbl","617,830,000,000 Cu.M","472,239,000,000 Cu.M","47,805,000,000,000 Cu.M","531,130,000 Cu.M","290,763,000 mt","162,166,000,000 Cu.M","17,098,242 km","37,653 km","22,407 km","102,000 km",2,,Europe,Eastern Europe,,
10,Mexico,"130,739,927","61,447,766","49,811,912","2,222,579","387,000","98,653","120,000",424,2,32,40,175,25,0,173,0,0,"23,548",35,0,0,164,,0,0,0,0,1,3,142,0,"$ 9,100,000,000","$ 306,308,000,000","$ 2,883,000,000,000","$ 232,035,000,000","1,580","60,959,000",35,674,"23,389 km","704,884 km","2,101,000 bbl","1,741,000 bbl","5,786,000,000 bbl","31,422,000,000 Cu.M","90,566,000,000 Cu.M","180,322,000,000 Cu.M","6,296,000 Cu.M","15,132,000 mt","1,160,000,000 Cu.M","1,964,375 km","9,330 km","4,389 km","2,900 km",36,,Americas,Latin America and the Caribbean,1410000000000.0,
11,Japan,"123,201,945","52,976,836","42,874,277","1,108,818","251,500","56,000","25,000","1,429",217,47,53,399,135,10,583,118,734,"54,390",193,480,99,158,"798,062",0,4,23,41,8,0,6,18,"$ 58,000,000,000","$ 5,147,667,910,000","$ 5,715,000,000,000","$ 1,231,000,000,000",280,"69,382,000",163,"5,229","27,311 km","1,218,772 km","8,000 bbl","3,140,000 bbl","44,115,000 bbl","2,220,000,000 Cu.M","92,843,000,000 Cu.M","20,898,000,000 Cu.M","27,657,000 Cu.M","197,612,000 mt","350,000,000 Cu.M","377,915 km","29,751 km",0 km,"1,770 km",7,,Asia,Eastern Asia,4230000000000.0,
12,Ethiopia,"118,550,298","56,904,143","35,327,989","2,726,657","503,000","138,000",0,104,25,0,9,34,0,0,33,7,338,"8,586",142,469,79,0,,0,0,0,0,0,0,0,0,"$ 3,720,968,976","$ 25,426,000,000","$ 380,895,000,000","$ 3,784,000,000",58,"54,470,000",0,12,659 km,"180,000 km",0 bbl,"102,000 bbl","428,000 bbl",0 Cu.M,0 Cu.M,"24,919,000,000 Cu.M","456,000 Cu.M","1,653,000 mt",0 Cu.M,"1,104,300 km",0 km,"5,925 km",0 km,47,,Africa,Sub-Saharan Africa,127000000000.0,
13,Philippines,"118,277,063","50,859,137","41,751,803","2,128,987","160,000","1,500,000","35,000",204,0,17,23,23,11,0,130,6,18,"20,551",12,296,0,127,"84,578",0,0,0,0,4,1,60,0,"$ 6,571,641,011","$ 63,241,000,000","$ 1,202,000,000,000","$ 106,195,000,000",256,"50,979,000",70,"2,203",77 km,"216,387 km","10,000 bbl","457,000 bbl","138,500,000 bbl","2,251,000,000 Cu.M","2,251,000,000 Cu.M","98,543,000,000 Cu.M","14,457,000 Cu.M","42,859,000 mt","361,000,000 Cu.M","300,000 km","36,289 km",0 km,"3,219 km",41,,Asia,South-eastern Asia,404000000000.0,
14,Democratic Republic of the Congo,"115,403,027","39,237,029","31,389,623","2,538,867","166,580","30,800","10,000",56,0,6,10,2,0,0,38,9,212,"7,164",16,125,81,16,,0,0,0,0,0,0,16,0,"$ 960,000,000","$ 7,926,000,000","$ 164,367,000,000","$ 3,898,125,000",273,"38,546,000",3,24,"4,007 km","152,373 km","19,000 bbl","35,000 bbl","180,000,000 bbl","380,000 Cu.M","380,000 Cu.M","991,090,000 Cu.M",0 Cu.M,"304,000 mt","987,999,000 Cu.M","2,344,858 km",37 km,"10,481 km","15,000 km",64,,,,,
15,Egypt,"111,247,248","45,611,372","38,269,053","1,668,709","438,500","479,000","300,000","1,088",242,90,53,344,11,0,348,100,"3,620","54,694","1,056",962,648,149,"235,989",0,2,8,0,13,7,61,17,"$ 5,193,500,000","$ 117,272,000,000","$ 1,958,000,000,000","$ 44,921,000,000",73,"33,749,000",31,441,"5,085 km","65,050 km","667,000 bbl","830,000 bbl","3,300,000,000 bbl","64,817,000,000 Cu.M","60,089,000,000 Cu.M","1,784,000,000,000 Cu.M","69,000 Cu.M","3,262,000 mt","182,000,000 Cu.M","1,001,450 km","2,450 km","2,612 km","3,500 km",19,,Africa,Northern Africa,,
16,Vietnam,"105,758,975","54,994,667","45,053,323","1,797,903","450,000","5,000,000","250,000",265,61,0,6,91,3,0,101,0,"1,999","69,914",30,"3,250",774,116,"102,147",0,0,6,0,9,17,27,8,"$ 10,200,000,000","$ 34,426,000,000","$ 1,456,000,000,000","$ 83,082,000,000",36,"57,133,000",16,"1,973","2,600 km","195,468 km","187,000 bbl","544,000 bbl","4,400,000,000 bbl","7,676,000,000 Cu.M","7,676,000,000 Cu.M","699,426,000,000 Cu.M","51,519,000 Cu.M","96,099,000 mt","3,116,000,000 Cu.M","331,210 km","3,444 km","4,616 km","47,130 km",23,,Asia,South-eastern Asia,409000000000.0,
17,Iran,"88,386,937","49,496,685","41,541,860","1,414,191","610,000","350,000","220,000",551,188,21,86,103,10,6,129,13,"2,675","75,939",424,"1,803","1,550",109,"283,516",0,0,25,0,7,3,21,1,"$ 9,230,000,000","$ 6,759,000,000","$ 1,486,000,000,000","$ 120,600,000,000",177,"28,575,000",18,965,"8,484 km","223,485 km","4,112,000 bbl","2,415,000 bbl","208,600,000,000 bbl","263,280,000,000 Cu.M","244,890,000,000 Cu.M","33,987,000,000,000 Cu.M","2,209,000 Cu.M","3,032,000 mt","1,203,000,000 Cu.M","1,648,195 km","2,440 km","5,894 km",850 km,16,,Asia,Southern Asia,,
18,Turkiye,"84,119,531","42,985,080","36,087,279","1,430,032","481,000","380,000","150,000","1,101",201,0,84,301,27,7,509,111,"2,284","98,193","1,045",635,237,192,"349,739",0,1,14,0,17,9,40,11,"$ 51,400,000,000","$ 149,654,000,000","$ 3,018,000,000,000","$ 154,744,000,000",116,"36,081,000",54,"1,170","11,497 km","68,526 km","83,000 bbl","1,107,000 bbl","366,000,000 bbl","379,701,000 Cu.M","52,887,000,000 Cu.M","3,794,000,000 Cu.M","82,534,000 Cu.M","124,183,000 mt","10,975,000,000 Cu.M","783,562 km","7,200 km","2,816 km","1,200 km",9,,,,906000000000.0,
19,Germany,"84,119,100","38,694,786","30,955,829","841,191","184,324","860,000",0,569,127,63,55,16,27,3,292,49,296,"87,338",134,0,33,96,"241,492",0,0,6,0,11,6,54,12,"$ 127,400,090,000","$ 6,862,470,230,000","$ 5,247,000,000,000","$ 377,936,000,000",840,"43,772,000",35,595,"39,379 km","830,000 km","131,000 bbl","2,062,000 bbl","115,200,000 bbl","4,824,000,000 Cu.M","77,516,000,000 Cu.M","23,390,000,000 Cu.M","109,741,000 Cu.M","140,994,000 mt","35,400,000,000 Cu.M","357,022 km","2,389 km","3,694 km","7,300 km",12,,Europe,Western Europe,4070000000000.0,NATO
20,Thailand,"69,920,998","36,358,919","27,968,399","1,118,736","360,850","200,000","25,000",496,73,26,52,134,25,0,258,7,744,"52,590",59,595,17,304,"133,523",0,1,0,0,7,5,254,5,"$ 6,006,660,000","$ 37,065,000,000","$ 1,558,000,000,000","$ 236,934,000,000",105,"40,623,000",21,884,"4,127 km","180,053 km","386,000 bbl","1,397,000 bbl","252,750,000 bbl","30,797,000,000 Cu.M","48,898,000,000 Cu.M","138,243,000,000 Cu.M","12,812,000 Cu.M","42,371,000 mt","1,063,000,000 Cu.M","513,120 km","3,219 km","5,673 km","4,000 km",24,,Asia,South-eastern Asia,495000000000.0,
21,United Kingdom,"68,459,055","31,491,165","25,192,932","753,050","141,330","31,940",0,625,103,38,30,201,29,9,262,50,288,"94,064",14,126,43,116,"406,308",2,0,10,6,7,0,26,8,"$ 88,526,529,585","$ 10,553,123,900,000","$ 3,636,000,000,000","$ 174,598,000,000","1,057","35,359,000",185,868,"16,390 km","416,461 km","753,000 bbl","1,406,000 bbl","2,500,000,000 bbl","37,758,000,000 Cu.M","70,141,000,000 Cu.M","180,661,000,000 Cu.M","1,568,000 Cu.M","7,372,000 mt","26,000,000 Cu.M","243,610 km","12,429 km",499 km,"3,200 km",8,,Europe,Northern Europe,3070000000000.0,NATO
22,France,"68,374,591","30,084,820","23,794,358","752,121","264,000","43,444","150,000",974,223,0,118,140,44,15,452,67,427,"110,784",74,0,9,166,"487,471",1,3,9,11,5,0,22,19,"$ 67,232,395,000","$ 7,691,315,390,000","$ 3,732,000,000,000","$ 282,857,000,000","1,218","31,725,000",66,553,"27,860 km","1,053,215 km","80,000 bbl","1,536,000 bbl","61,719,000 bbl","20,132,000 Cu.M","37,001,000,000 Cu.M","7,787,000,000 Cu.M","2,157,000 Cu.M","12,570,000 mt","160,000,000 Cu.M","643,801 km","4,853 km","4,072 km","8,501 km",6,,Europe,Western Europe,2780000000000.0,NATO
23,Tanzania,"67,462,121","12,143,182","6,678,750","607,159","25,000",0,"6,500",38,11,0,6,6,0,0,15,0,200,"8,408",0,205,70,12,,0,0,0,0,0,0,10,0,"$ 1,476,113,361","$ 17,513,000,000","$ 246,706,000,000","$ 5,371,525,000",206,"32,983,000",8,381,"4,097 km","145,203 km",0 bbl,"85,000 bbl",0 bbl,"1,808,000,000 Cu.M","1,808,000,000 Cu.M","6,513,000,000 Cu.M","2,341,000 Cu.M","740,000 mt","1,410,000,000 Cu.M","947,300 km","1,424 km","4,161 km",0 km,89,,Africa,Sub-Saharan Africa,75709289056.0,
24,Italy,"60,964,931","27,434,219","22,191,235","548,684","165,500","18,300","105,000",714,88,65,31,152,22,8,352,37,203,"87,364",64,108,21,285,"387,892",2,0,8,3,14,0,15,10,"$ 37,325,165,000","$ 3,025,000,000,000","$ 3,133,000,000,000","$ 290,547,000,000",655,"25,828,000",123,"1,276","18,475 km","228,863 km","111,000 bbl","1,245,000 bbl","497,934,000 bbl","3,117,000,000 Cu.M","68,735,000,000 Cu.M","45,750,000,000 Cu.M","1,572,000 Cu.M","12,424,000 mt","609,999,000 Cu.M","301,340 km","7,600 km","1,836 km","2,400 km",10,,Europe,Southern Europe,2010000000000.0,NATO
25,South Africa,"60,442,647","27,803,618","14,989,776","1,027,525","68,731","29,350","50,000",181,2,0,11,81,0,0,87,10,248,"23,024",52,434,201,63,"43,881",0,0,3,0,4,0,42,4,"$ 2,877,000,000","$ 93,879,000,000","$ 870,420,000,000","$ 65,435,000,000",573,"27,766,000",8,110,"30,400 km","750,000 km","88,000 bbl","609,000 bbl","15,000,000 bbl","59,128,000 Cu.M","4,487,000,000 Cu.M",0 Cu.M,"239,712,000 Cu.M","176,095,000 mt","9,893,000,000 Cu.M","1,219,090 km","2,798 km","5,244 km",0 km,40,,Africa,Sub-Saharan Africa,406000000000.0,
26,Kenya,"58,246,378","21,551,160","14,037,377","931,942","50,000",0,"25,000",154,17,0,21,30,2,0,84,2,188,"9,114",18,53,0,27,,0,0,0,0,0,0,18,0,"$ 1,651,803,025","$ 31,451,000,000","$ 328,632,000,000","$ 10,067,000,000",368,"23,781,000",4,26,"3,819 km","161,452 km",0 bbl,"113,000 bbl",0 bbl,0 Cu.M,0 Cu.M,0 Cu.M,0 Cu.M,"1,453,000 mt",0 Cu.M,"580,367 km",536 km,"3,457 km",0 km,84,,Africa,Sub-Saharan Africa,113000000000.0,
27,Myanmar,"57,527,139","30,489,384","21,975,367","1,035,489","228,000","19,000","55,000",331,70,20,33,120,5,0,86,9,"1,040","11,576",225,"1,680","1,520",239,"89,240",0,0,3,0,6,3,146,2,"$ 2,815,031,361","$ 8,748,000,000","$ 287,559,000,000","$ 8,590,400,000",74,"22,742,000",7,101,"5,031 km","157,000 km","7,000 bbl","122,000 bbl","139,000,000 bbl","16,780,000,000 Cu.M","3,788,000,000 Cu.M","637,129,000,000 Cu.M","1,031,000 Cu.M","907,000 mt","252,000,000 Cu.M","676,578 km","1,930 km","6,522 km","12,800 km",35,,Asia,South-eastern Asia,59364362541.0,
28,South Korea,"52,081,799","26,040,900","21,353,538","416,654","450,000","3,100,000","120,000","1,540",242,98,40,335,35,4,827,113,"1,831","117,460","2,780","5,800",525,215,"427,946",0,2,22,14,18,3,96,14,"$ 44,800,000,000","$ 553,871,450,000","$ 2,607,000,000,000","$ 418,219,000,000",92,"29,713,000",15,"2,149","3,979 km","100,428 km","38,000 bbl","2,542,000 bbl",0 bbl,"55,127,000 Cu.M","59,480,000,000 Cu.M","7,079,000,000 Cu.M","16,081,000 Cu.M","136,817,000 mt","326,000,000 Cu.M","99,720 km","2,413 km",237 km,"1,600 km",5,,Asia,Eastern Asia,,
29,Sudan,"50,467,278","26,747,657","17,108,407","1,312,149","300,000","200,000","17,500",183,37,36,13,33,0,0,64,35,"1,055","8,890",100,"1,150",800,10,,0,0,0,0,0,0,10,0,"$ 394,700,000","$ 21,650,000,000","$ 94,420,000,000","$ 192,348,850",45,"10,949,000",4,14,"7,251 km","31,000 km","68,000 bbl","129,000 bbl","1,250,000,000 bbl",0 Cu.M,0 Cu.M,"84,951,000,000 Cu.M",0 Cu.M,0 mt,0 Cu.M,"1,861,484 km",853 km,"6,819 km","4,068 km",66,,Africa,Northern Africa,51662241775.0,
30,Colombia,"49,588,357","24,298,295","19,190,694","843,002","429,000","998,000","150,000",430,16,24,82,72,27,1,255,0,0,"12,780",6,110,0,213,"31,090",0,0,4,0,9,2,158,0,"$ 15,800,000,000","$ 108,027,000,000","$ 978,024,000,000","$ 61,898,000,000",661,"26,822,000",14,153,"2,141 km","206,102 km","800,000 bbl","374,000 bbl","2,036,000,000 bbl","11,290,000,000 Cu.M","11,451,000,000 Cu.M","87,782,000,000 Cu.M","52,376,000 Cu.M","9,720,000 mt","4,554,000,000 Cu.M","1,138,910 km","3,208 km","6,672 km","24,725 km",43,,Americas,Latin America and the Caribbean,344000000000.0,
31,Uganda,"49,283,041","16,756,234","9,905,891","985,661","45,000",0,"10,000",51,6,0,3,12,0,0,30,6,259,"9,702",6,26,12,0,,0,0,0,0,0,0,0,0,"$ 1,510,000,000","$ 10,469,000,000","$ 144,137,000,000","$ 3,432,750,000",39,"22,829,000",0,0,"1,244 km","20,544 km",0 bbl,"44,000 bbl","2,500,000,000 bbl",0 Cu.M,0 Cu.M,"14,158,000,000 Cu.M",19 Cu.M,0 mt,"799,999,000 Cu.M","241,038 km",0 km,"2,729 km",0 km,107,,Africa,Sub-Saharan Africa,45559202049.0,
32,Spain,"47,280,433","21,748,999","17,635,602","330,963","121,802","24,033","78,470",440,136,12,51,108,8,0,169,17,298,"49,324",96,188,0,175,"249,889",1,0,2,0,11,0,112,6,"$ 39,000,676,350","$ 2,830,012,130,000","$ 2,361,000,000,000","$ 107,774,000,000",365,"24,386,000",52,503,"15,489 km","150,110 km","47,000 bbl","1,325,000 bbl","150,000,000 bbl","41,009,000 Cu.M","32,833,000,000 Cu.M","2,549,000,000 Cu.M","1,280,000 Cu.M","7,388,000 mt","1,187,000,000 Cu.M","505,370 km","4,964 km","1,953 km","1,000 km",18,,Europe,Southern Europe,1400000000000.0,NATO
33,Algeria,"47,022,473","22,570,787","19,185,169","752,360","130,000","150,000","150,000",620,111,42,63,90,10,4,300,74,"1,485","24,920",224,483,188,111,"83,480",0,0,6,0,8,8,75,3,"$ 25,000,000,000","$ 4,764,000,000","$ 722,912,000,000","$ 83,007,000,000",95,"13,294,000",17,119,"4,020 km","112,696 km","1,443,000 bbl","446,000 bbl","12,200,000,000 bbl","100,726,000,000 Cu.M","47,963,000,000 Cu.M","4,504,000,000,000 Cu.M",0 Cu.M,"3,000 mt","233,000,000 Cu.M","2,381,740 km",998 km,"6,734 km",0 km,27,,Africa,Northern Africa,192000000000.0,
34,Argentina,"46,994,384","20,677,529","17,575,900","704,916","108,000","12,370","20,000",241,23,11,25,71,13,2,96,0,362,"22,432",20,172,27,42,"122,128",0,0,2,3,0,6,13,0,"$ 993,919,790","$ 74,362,000,000","$ 1,213,000,000,000","$ 29,560,000,000",764,"22,286,000",37,201,"17,866 km","240,000 km","807,000 bbl","749,000 bbl","2,483,000,000 bbl","43,280,000,000 Cu.M","46,228,000,000 Cu.M","396,464,000,000 Cu.M","869,000 Cu.M","2,534,000 mt","799,999,000 Cu.M","2,780,400 km","4,989 km","11,968 km","11,000 km",32,,Americas,Latin America and the Caribbean,633000000000.0,
35,Iraq,"42,083,436","17,675,043","14,308,368","715,418","193,000",0,"100,000",360,26,36,15,111,17,0,183,39,"1,188","37,496",434,610,572,67,"32,565",0,0,0,0,0,1,55,0,"$ 8,000,000,000","$ 15,580,000,000","$ 585,887,000,000","$ 100,691,000,000",73,"12,008,000",6,74,"2,272 km","59,623 km","4,448,000 bbl","1,043,000 bbl","145,019,000,000 bbl","9,860,000,000 Cu.M","19,298,000,000 Cu.M","3,729,000,000,000 Cu.M",0 Cu.M,0 mt,0 Cu.M,"438,317 km",58 km,"3,809 km","5,279 km",44,,Asia,Western Asia,264000000000.0,
36,Afghanistan,"40,121,552","15,647,405","8,826,741","842,553","75,000",0,"90,000",5,0,0,2,0,0,0,3,0,0,"3,902",0,0,0,0,,0,0,0,0,0,0,0,0,"$ 145,000,000","$ 1,929,750,000","$ 82,238,000,000","$ 8,852,092,000",68,"9,133,000",0,0,0 km,"34,903 km",0 bbl,"58,000 bbl",0 bbl,"80,200,000 Cu.M","80,200,000 Cu.M","49,554,000,000 Cu.M","767,000 Cu.M","503,000 mt","66,000,000 Cu.M","652,230 km",0 km,"5,987 km","1,200 km",121,,Asia,Southern Asia,14583135237.0,
37,Canada,"38,794,813","16,681,770","13,500,595","426,743","63,500","23,000","5,500",354,66,0,29,95,34,6,146,0,74,"21,780",0,0,0,67,"119,637",0,0,4,0,12,0,17,0,"$ 45,824,959,620","$ 2,571,113,270,000","$ 2,341,000,000,000","$ 119,778,000,000","1,425","22,868,000",284,716,"49,422 km","1,042,300 km","5,688,000 bbl","2,377,000 bbl","170,300,000,000 bbl","187,686,000,000 Cu.M","130,316,000,000 Cu.M","2,067,126,000,000 Cu.M","50,687,000 Cu.M","20,092,000 mt","6,582,000,000 Cu.M","9,984,670 km","202,080 km","8,893 km",636 km,28,,Americas,Northern America,2140000000000.0,NATO
38,Poland,"38,746,310","18,985,692","15,576,017","464,956","250,000","350,000","50,000",457,58,12,44,112,11,0,224,29,798,"57,972",593,0,298,63,"55,530",0,0,1,0,2,2,3,29,"$ 55,865,141,600","$ 425,641,700,000","$ 1,649,000,000,000","$ 223,115,000,000",318,"18,245,000",10,152,"19,461 km","427,580 km","24,000 bbl","743,000 bbl","113,000,000 bbl","5,551,000,000 Cu.M","20,056,000,000 Cu.M","91,492,000,000 Cu.M","96,720,000 Cu.M","99,932,000 mt","27,758,000,000 Cu.M","312,685 km",440 km,"2,845 km","3,997 km",21,,Europe,Eastern Europe,688000000000.0,NATO
39,Morocco,"37,387,585","17,946,041","15,254,135","635,589","400,000","250,000","50,000",271,84,0,31,77,4,2,73,6,"1,346","17,594",544,188,185,100,,0,0,0,0,6,1,84,0,"$ 16,100,000,000","$ 42,262,000,000","$ 350,594,000,000","$ 37,134,000,000",48,"12,475,000",12,94,"2,067 km","57,300 km",25 bbl,"296,000 bbl","684,000 bbl","82,595,000 Cu.M","243,201,000 Cu.M","1,444,000,000 Cu.M",0 Cu.M,"10,304,000 mt","96,000,000 Cu.M","715,550 km","1,835 km","2,363 km",0 km,56,,Africa,Northern Africa,134000000000.0,
40,Angola,"37,202,061","7,440,412","3,720,206","372,021","107,000",0,"10,000",278,67,6,32,56,2,0,115,14,319,"2,258",25,575,116,32,,0,0,0,0,0,0,32,0,"$ 31,200,000,000","$ 45,299,000,000","$ 278,239,000,000","$ 14,243,000,000",107,"15,961,000",21,64,"2,761 km","76,000 km","1,175,000 bbl","121,000 bbl","7,783,000,000 bbl","5,514,000,000 Cu.M","1,397,000,000 Cu.M","343,002,000,000 Cu.M",0 Cu.M,0 mt,0 Cu.M,"1,246,700 km","1,600 km","5,369 km","1,300 km",59,,Africa,Sub-Saharan Africa,107000000000.0,
41,Saudi Arabia,"36,544,431","19,003,104","17,468,238","621,255","247,000",0,"150,000",917,283,81,49,202,16,22,264,34,"1,085","22,370",380,557,327,32,"49,727",0,0,0,0,7,9,9,3,"$ 63,988,055,520","$ 248,171,000,000","$ 2,213,000,000,000","$ 463,870,000,000",90,"17,168,000",16,433,"5,410 km","221,372 km","11,174,000 bbl","3,524,000 bbl","258,600,000,000 bbl","121,870,000,000 Cu.M","121,870,000,000 Cu.M","9,423,000,000,000 Cu.M",0 Cu.M,"66,000 mt",0 Cu.M,"2,149,690 km","2,640 km","4,272 km",0 km,25,,Asia,Western Asia,1110000000000.0,
42,Uzbekistan,"36,520,593","18,990,708","15,959,499","730,412","120,000",0,"20,000",159,26,13,12,7,0,0,101,34,470,"8,692",177,236,108,0,,0,0,0,0,0,0,0,0,"$ 6,210,000,000","$ 25,714,000,000","$ 379,989,000,000","$ 41,237,000,000",74,"13,974,000",0,0,"4,642 km","225,500 km","64,000 bbl","111,000 bbl","594,000,000 bbl","47,500,000,000 Cu.M","43,227,000,000 Cu.M","1,841,000,000,000 Cu.M","6,379,000 Cu.M","8,941,000 mt","1,375,000,000 Cu.M","447,400 km",420 km,"6,893 km","1,100 km",53,,Asia,Central Asia,80391853885.0,
43,Ukraine,"35,661,826","18,187,531","12,731,272","392,280","900,000","4,000,000","100,000",347,88,30,22,72,5,0,140,39,"1,121","45,458",682,625,288,169,"22,266",0,0,0,0,0,0,133,5,"$ 45,000,000,000","$ 90,003,000,000","$ 577,583,000,000","$ 43,781,000,000",152,"20,539,000",26,410,"21,733 km","169,694 km","3,000 bbl","192,000 bbl","395,000,000 bbl","18,725,000,000 Cu.M","22,856,000,000 Cu.M","1,104,000,000,000 Cu.M","19,603,000 Cu.M","25,012,000 mt","34,375,000,000 Cu.M","603,550 km","2,782 km","5,581 km","1,672 km",20,,Europe,Eastern Europe,161000000000.0,
44,Ghana,"34,589,092","14,873,310","9,961,658","622,604","15,500",0,0,18,0,0,2,5,2,0,9,0,0,"3,648",0,6,6,20,,0,0,0,0,0,0,20,0,"$ 954,423,756","$ 29,241,000,000","$ 243,124,000,000","$ 3,624,000,000",11,"13,927,000",4,52,947 km,"65,725 km","176,000 bbl","96,000 bbl","660,000,000 bbl","3,192,000,000 Cu.M","3,912,000,000 Cu.M","22,653,000,000 Cu.M",0 Cu.M,"51,000 mt",0 Cu.M,"238,533 km",539 km,"2,420 km","1,293 km",112,,Africa,Sub-Saharan Africa,72838798788.0,
45,Malaysia,"34,564,810","16,245,461","13,480,276","553,037","113,000","51,600","100,000",132,25,11,15,31,6,4,45,0,48,"15,415",0,196,36,100,"67,735",0,0,2,0,2,4,72,4,"$ 5,100,000,000","$ 8,748,000,000","$ 1,212,000,000,000","$ 116,229,000,000",100,"18,264,000",35,"1,750","1,851 km","144,403 km","582,000 bbl","672,000 bbl","3,600,000,000 bbl","75,456,000,000 Cu.M","42,499,000,000 Cu.M","1,189,000,000,000 Cu.M","4,476,000 Cu.M","35,741,000 mt","226,000,000 Cu.M","329,847 km","4,675 km","2,742 km","7,200 km",42,,Asia,South-eastern Asia,406000000000.0,
46,Mozambique,"33,350,954","14,674,420","7,770,772","533,615","11,200",0,"3,000",23,8,2,5,1,0,0,7,2,60,"3,488",0,104,12,36,,0,0,0,0,0,0,36,0,"$ 480,000,000","$ 8,274,000,000","$ 51,786,000,000","$ 3,843,000,000",92,"15,173,000",11,36,"4,787 km","30,562 km",0 bbl,"42,000 bbl",0 bbl,"5,388,000,000 Cu.M","1,347,000,000 Cu.M","2,832,000,000,000 Cu.M","10,583,000 Cu.M","13,000 mt","1,792,000,000 Cu.M","799,380 km","2,470 km","4,783 km",460 km,92,,Africa,Sub-Saharan Africa,17851491428.0,
47,Peru,"32,600,249","15,648,120","12,681,497","619,405","120,000","386,000","60,000",252,15,22,39,68,12,0,112,16,355,"9,168",12,290,61,78,"171,629",0,0,6,0,7,8,13,0,"$ 2,552,000,000","$ 38,102,000,000","$ 535,911,000,000","$ 79,246,000,000",174,"18,918,000",20,111,"1,855 km","70,000 km","118,000 bbl","255,000 bbl","858,890,000 bbl","12,270,000,000 Cu.M","7,185,000,000 Cu.M","300,159,000,000 Cu.M","1,382,000 Cu.M","973,000 mt","1,567,000,000 Cu.M","1,285,216 km","2,414 km","7,062 km","8,808 km",50,,Americas,Latin America and the Caribbean,243000000000.0,
48,Yemen,"32,140,443","12,213,368","9,031,464","610,668","33,350",0,"20,000",160,68,0,3,30,0,0,59,14,0,"1,550",12,60,30,26,,0,0,0,0,0,1,9,0,"$ 405,187,500","$ 6,492,000,000","$ 18,719,000,000","$ 831,025,575",37,"7,848,000",10,30,0 km,"71,300 km","15,000 bbl","58,000 bbl","3,000,000,000 bbl","189,432,000 Cu.M","189,432,000 Cu.M","478,555,000,000 Cu.M",0 Cu.M,"27,000 mt",0 Cu.M,"527,968 km","1,906 km","1,601 km",0 km,98,,Asia,Western Asia,,
49,Venezuela,"31,250,306","15,625,153","12,812,625","625,006","109,000","8,000","220,000",224,30,0,47,75,3,1,85,10,282,"15,168",60,92,56,41,,0,0,3,0,1,0,26,0,"$ 6,060,000,000","$ 121,363,000,000","$ 110,943,000,000","$ 9,944,750,000",509,"11,136,000",31,272,447 km,"96,189 km","801,000 bbl","203,000 bbl","303,806,000,000 bbl","17,696,000,000 Cu.M","17,696,000,000 Cu.M","5,674,000,000,000 Cu.M","149,000 Cu.M","80,000 mt","730,999,000 Cu.M","912,050 km","2,800 km","5,267 km","7,100 km",51,,Americas,Latin America and the Caribbean,,
50,Nepal,"31,122,387","15,249,970","11,733,140","778,060","98,500","82,000","15,000",17,0,0,7,0,0,0,10,0,0,"1,108",0,14,0,0,,0,0,0,0,0,0,0,0,"$ 431,355,326","$ 5,719,000,000","$ 149,643,000,000","$ 12,456,000,000",51,"8,435,000",0,0,59 km,"64,500 km",0 bbl,"71,000 bbl",0 bbl,0 Cu.M,0 Cu.M,0 Cu.M,"9,000 Cu.M","1,091,000 mt","8,000,000 Cu.M","147,181 km",0 km,"3,159 km",0 km,124,,Asia,Southern Asia,40828247302.0,
51,Cameroon,"30,966,105","10,528,476","6,224,187","495,458","38,000",0,"9,000",35,0,0,6,6,2,0,21,0,0,860,18,52,20,19,,0,0,0,0,0,0,19,0,"$ 835,694,942","$ 11,112,000,000","$ 143,264,000,000","$ 4,882,000,000",37,"11,119,000",7,198,987 km,"77,589 km","64,000 bbl","41,000 bbl","200,000,000 bbl","2,595,000,000 Cu.M","877,058,000 Cu.M","135,071,000,000 Cu.M",0 Cu.M,0 mt,0 Cu.M,"475,440 km",400 km,"5,018 km",0 km,99,,Africa,Sub-Saharan Africa,44341646509.0,
52,Ivory Coast,"29,981,758","12,292,521","7,855,221","569,653","22,000",0,"5,500",22,0,0,3,2,3,0,14,5,0,"1,328",0,4,6,8,,0,0,0,0,0,0,7,0,"$ 18,200,000","$ 26,576,000,000","$ 215,018,000,000","$ 7,583,484,000",29,"12,595,000",5,25,660 km,"81,996 km","29,000 bbl","87,000 bbl","100,000,000 bbl","2,635,000,000 Cu.M","2,635,000,000 Cu.M","28,317,000,000 Cu.M",0 Cu.M,0 mt,0 Cu.M,"322,463 km",515 km,"3,458 km",980 km,108,,,,,
53,Madagascar,"29,452,714","11,192,031","7,952,233","559,602","13,500",0,"8,100",6,0,0,1,0,0,0,5,0,12,316,0,17,0,7,,0,0,0,0,0,0,5,0,"$ 147,630,000","$ 3,548,000,000","$ 52,968,000,000","$ 2,785,000,000",93,"16,519,000",13,29,836 km,"31,640 km",0 bbl,"20,000 bbl",0 bbl,0 Cu.M,0 Cu.M,0 Cu.M,0 Cu.M,"472,000 mt","150,000,000 Cu.M","587,040 km","4,828 km",0 km,600 km,131,,Africa,Sub-Saharan Africa,14954967604.0,
54,Australia,"26,768,598","11,242,811","9,208,398","294,455","58,910","33,270",0,348,24,71,37,107,31,6,72,22,46,"17,118",0,48,8,45,"199,898",0,2,6,3,7,0,13,3,"$ 57,350,000,000","$ 3,770,254,730,000","$ 1,635,000,000,000","$ 60,404,000,000","2,257","14,912,000",66,604,"32,606 km","873,573 km","386,000 bbl","1,151,000 bbl","2,446,000,000 bbl","153,783,000,000 Cu.M","50,188,000,000 Cu.M","3,228,000,000,000 Cu.M","445,077,000 Cu.M","95,667,000 mt","149,472,000,000 Cu.M","7,741,220 km","25,760 km",0 km,"2,000 km",17,,Oceania,Australia and New Zealand,1680000000000.0,
55,Niger,"26,342,784","7,902,835","5,294,900","447,827","25,000",0,"5,000",26,0,2,7,0,2,0,13,2,0,"1,550",0,0,0,0,,0,0,0,0,0,0,0,0,"$ 488,400,000","$ 3,793,000,000","$ 47,921,000,000","$ 1,442,772,000",26,"10,486,000",0,0,0 km,"18,949 km","13,000 bbl","18,000 bbl","150,000,000 bbl","29,509,000 Cu.M","29,858,000 Cu.M",0 Cu.M,"427,000 Cu.M","426,000 mt","90,000,000 Cu.M","1,267,000 km",0 km,"5,834 km",300 km,120,,Africa,Sub-Saharan Africa,13969605583.0,
56,North Korea,"26,298,666","9,467,520","5,312,331","420,779","1,320,000","560,000","100,000",837,341,114,1,176,0,0,205,20,"4,895","47,792","1,300",700,"1,500",332,"143,304",0,0,24,2,2,8,227,1,"$ 4,750,000,000","$ 6,050,000,000","$ 15,416,000,000","$ 5,500,000,000",81,"17,637,000",10,264,"7,435 km","25,554 km",0 bbl,"18,000 bbl",0 bbl,0 Cu.M,0 Cu.M,0 Cu.M,"21,927,000 Cu.M","22,105,000 mt","10,600,000,000 Cu.M","120,538 km","2,495 km","1,607 km","2,250 km",31,,,,,
57,Syria,"23,865,423","15,273,871","13,245,310","668,232","100,000",0,"50,000",104,52,5,2,8,0,0,39,7,168,"18,736",60,0,0,12,,0,0,0,0,0,0,8,0,"$ 145,925,000","$ 4,441,250,000","$ 98,858,000,000","$ 307,766,250",42,"6,617,000",3,24,"2,052 km","69,873 km","65,000 bbl","102,000 bbl","2,500,000,000 bbl","3,085,000,000 Cu.M","3,084,000,000 Cu.M","240,693,000,000 Cu.M",0 Cu.M,"15,000 mt",0 Cu.M,"187,437 km",193 km,"2,363 km",900 km,87,,Asia,Western Asia,,
58,Taiwan,"23,595,274","12,269,542","1,061,787","306,739","230,000","1,657,000","55,000",720,258,0,19,215,18,0,239,91,"1,090","24,067",488,"1,360",223,91,"244,050",0,0,4,4,21,7,36,10,"$ 31,180,000,000","$ 229,900,000,000","$ 1,743,000,000,000","$ 541,898,500,000",57,"11,842,940",8,465,"1,613 km","43,206 km",800 bbl,"954,000 bbl","2,380,000 bbl","63,747,000 Cu.M","21,157,000,000 Cu.M","6,230,000,000 Cu.M","5,212,000 Cu.M","64,609,000 mt","1,000,000 Cu.M","35,980 km","1,566 km",0 km,0 km,22,,Asia,Eastern Asia,,
59,Burkina Faso,"23,042,199","8,525,614","6,060,098","368,675","7,500",0,"4,500",26,0,3,2,0,2,0,19,5,0,876,0,8,9,0,,0,0,0,0,0,0,0,0,"$ 4,590,000,000","$ 3,565,000,000","$ 60,001,000,000","$ 47,138,000",49,"6,461,000",0,0,622 km,"15,304 km",0 bbl,"37,000 bbl",0 bbl,0 Cu.M,0 Cu.M,0 Cu.M,0 Cu.M,0 mt,0 Cu.M,"274,200 km",0 km,"3,611 km",0 km,127,,Africa,Sub-Saharan Africa,18884619613.0,
60,Mali,"21,990,607","6,817,088","4,288,168","351,850","40,000",0,"4,800",44,9,12,8,4,1,0,10,8,0,"3,717",0,50,30,0,,0,0,0,0,0,0,0,0,"$ 1,110,000,000","$ 4,085,000,000","$ 71,253,000,000","$ 647,800,000",30,"9,126,000",0,0,593 km,"139,107 km",0 bbl,"46,000 bbl",0 bbl,0 Cu.M,0 Cu.M,0 Cu.M,0 Cu.M,0 mt,0 Cu.M,"1,240,192 km",0 km,"7,908 km","1,800 km",104,,Africa,Sub-Saharan Africa,18827176532.0,
61,Sri Lanka,"21,982,608","10,551,652","8,551,235","307,757","346,000","90,000",0,90,6,0,15,7,3,0,49,8,87,"15,021",0,96,28,275,"32,636",0,0,0,0,5,0,259,0,"$ 1,500,000,000","$ 42,198,000,000","$ 301,407,000,000","$ 6,094,000,000",18,"8,499,000",6,96,"1,562 km","114,093 km",0 bbl,"100,000 bbl",0 bbl,0 Cu.M,0 Cu.M,0 Cu.M,0 Cu.M,"2,323,000 mt",0 Cu.M,"65,610 km","1,340 km",0 km,160 km,68,,Asia,Southern Asia,74403578363.0,
62,Zambia,"20,799,116","7,279,691","4,139,024","374,384","15,150",0,"1,200",78,0,0,13,34,0,0,33,0,75,848,12,60,50,0,,0,0,0,0,0,0,0,0,"$ 385,321,000","$ 16,597,000,000","$ 79,207,000,000","$ 3,017,000,000",120,"7,407,000",0,2,"3,126 km","67,671 km",0 bbl,"34,000 bbl",0 bbl,0 Cu.M,0 Cu.M,0 Cu.M,"2,091,000 Cu.M","2,081,000 mt","945,000,000 Cu.M","752,618 km",0 km,"6,043 km",0 km,111,,Africa,Sub-Saharan Africa,29784454056.0,
63,Kazakhstan,"20,260,006","9,117,003","6,928,922","283,640","110,000","135,000","55,000",168,37,13,21,25,0,0,72,12,353,"17,460",126,194,287,26,,0,0,0,0,0,0,23,2,"$ 5,836,386,000","$ 25,765,000,000","$ 739,385,000,000","$ 45,808,000,000",132,"10,285,000",0,122,"16,636 km","96,167 km","1,955,000 bbl","386,000 bbl","30,000,000,000 bbl","27,011,000,000 Cu.M","22,623,000,000 Cu.M","2,407,000,000,000 Cu.M","120,279,000 Cu.M","86,349,000 mt","25,605,000,000 Cu.M","2,724,900 km",26 km,"13,364 km","43,983 km",58,,Asia,Central Asia,221000000000.0,
64,Chad,"19,093,595","6,873,694","3,856,906","381,872","37,750",0,"5,000",40,0,7,7,8,2,0,16,3,90,"4,345",10,13,16,0,,0,0,0,0,0,0,0,0,"$ 706,800,000","$ 2,286,000,000","$ 52,895,000,000","$ 1,050,000,000",44,"6,600,000",0,0,0 km,"40,000 km","124,000 bbl","15,000 bbl","1,500,000,000 bbl",0 Cu.M,0 Cu.M,0 Cu.M,0 Cu.M,0 mt,0 Cu.M,"1,284,000 km",0 km,"6,406 km","12,400 km",85,,Africa,Sub-Saharan Africa,12704149842.0,
65,Senegal,"18,847,519","7,162,057","4,089,912","395,798","17,000",0,0,39,0,0,5,22,1,0,19,5,0,"1,860",0,20,6,4,,0,0,0,0,0,0,4,0,"$ 777,800,000","$ 14,985,000,000","$ 83,183,000,000","$ 889,295,000",20,"5,763,000",6,36,906 km,"16,665 km","9,000 bbl","65,000 bbl",0 bbl,"54,646,000 Cu.M","54,498,000 Cu.M",0 Cu.M,0 Cu.M,"138,000 mt",0 Cu.M,"196,722 km",531 km,"2,684 km","1,000 km",126,,Africa,Sub-Saharan Africa,27684430244.0,
66,Chile,"18,664,652","8,959,033","7,521,855","298,634","80,000","40,000","50,000",274,45,0,33,92,18,5,86,0,386,"7,480",48,249,9,130,"176,065",0,0,4,0,8,0,40,0,"$ 6,800,000,000","$ 235,950,000,000","$ 596,556,000,000","$ 44,403,000,000",379,"10,088,000",39,249,"7,282 km","77,801 km","11,000 bbl","404,000 bbl","150,000,000 bbl","1,200,000,000 Cu.M","6,916,000,000 Cu.M","97,976,000,000 Cu.M","474,000 Cu.M","8,087,000 mt","1,181,000,000 Cu.M","756,102 km","6,435 km","7,801 km","12,290 km",49,,Americas,Latin America and the Caribbean,301000000000.0,
67,Ecuador,"18,309,984","8,422,593","6,738,074","329,580","41,250","118,000","1,500",99,0,0,20,34,8,0,43,0,202,"5,322",5,106,24,30,,0,0,2,0,2,6,5,0,"$ 2,963,400,000","$ 39,658,000,000","$ 252,728,000,000","$ 6,908,000,000",317,"8,821,000",6,154,965 km,"43,950 km","480,000 bbl","272,000 bbl","8,273,000,000 bbl","309,778,000 Cu.M","309,778,000 Cu.M","10,902,000,000 Cu.M",0 Cu.M,"14,000 mt","24,000,000 Cu.M","283,560 km","2,237 km","2,237 km","1,500 km",72,,Americas,Latin America and the Caribbean,115000000000.0,
68,Guatemala,"18,255,216","7,484,639","6,279,794","182,552","106,114","90,000","35,000",35,0,3,10,0,2,0,20,0,0,"3,268",0,110,0,25,,0,0,0,0,0,0,20,0,"$ 616,000,000","$ 11,862,000,000","$ 232,673,000,000","$ 24,412,000,000",58,"7,575,000",3,9,800 km,"17,440 km","6,000 bbl","117,000 bbl","86,110,000 bbl","3,276,000 Cu.M","2,986,000 Cu.M",0 Cu.M,0 Cu.M,"1,012,000 mt",0 Cu.M,"108,889 km",400 km,"1,667 km",990 km,96,,Americas,Latin America and the Caribbean,95003333381.0,
69,Romania,"18,148,155","9,437,041","7,731,114","199,630","90,000","55,000","15,000",148,29,0,13,44,2,0,66,0,451,"13,266",0,720,243,18,,0,0,0,0,3,7,0,7,"$ 10,230,630,000","$ 145,200,000,000","$ 774,376,000,000","$ 73,391,000,000",103,"8,263,000",11,127,"10,628 km","85,387 km","67,000 bbl","220,000 bbl","600,000,000 bbl","9,501,000,000 Cu.M","10,055,000,000 Cu.M","105,480,000,000 Cu.M","14,752,000 Cu.M","15,533,000 mt","291,000,000 Cu.M","238,391 km",225 km,"2,844 km","1,731 km",52,,Europe,Eastern Europe,301000000000.0,NATO
70,Netherlands,"17,772,378","7,997,570","6,486,918","195,496","44,245","8,510","5,000",130,0,38,4,21,0,0,67,16,18,"6,689",46,0,4,140,"147,606",0,0,3,0,6,0,76,3,"$ 31,791,150,000","$ 5,257,949,730,000","$ 1,276,000,000,000","$ 79,129,000,000",44,"10,315,000",18,"1,187","3,055 km","139,027 km","70,000 bbl","840,000 bbl","137,747,000 bbl","17,774,000,000 Cu.M","33,243,000,000 Cu.M","132,608,000,000 Cu.M","1,761,000 Cu.M","12,796,000 mt","3,247,000,000 Cu.M","41,543 km",451 km,"1,053 km","6,237 km",34,,Europe,Western Europe,991000000000.0,NATO
71,Zimbabwe,"17,150,352","6,517,134","3,721,626","360,157","29,000",0,"21,800",80,9,9,14,20,0,0,28,6,60,"1,248",0,0,0,0,,0,0,0,0,0,0,0,0,"$ 1,976,800,000","$ 6,671,000,000","$ 57,391,000,000","$ 484,973,000",144,"6,386,000",0,0,"3,427 km","97,267 km",800 bbl,"34,000 bbl",0 bbl,0 Cu.M,0 Cu.M,0 Cu.M,"7,968,000 Cu.M","6,705,000 mt","502,000,000 Cu.M","390,757 km",0 km,"3,229 km",0 km,105,,Africa,Sub-Saharan Africa,20678055598.0,
72,Cambodia,"17,063,669","8,190,561","5,733,393","307,146","124,300",0,"10,000",24,0,0,4,0,0,0,20,0,520,"5,439",30,525,521,20,,0,0,0,0,0,0,20,0,"$ 750,000,000","$ 8,019,000,000","$ 123,676,000,000","$ 22,506,000,000",12,"9,904,000",2,195,642 km,"61,810 km",0 bbl,"77,000 bbl",0 bbl,0 Cu.M,0 Cu.M,0 Cu.M,"27,000 Cu.M","4,390,000 mt",0 Cu.M,"181,035 km",443 km,"2,530 km","3,700 km",83,,Asia,South-eastern Asia,29956769529.0,
73,Benin,"14,697,052","5,584,880","3,189,260","308,638","4,750",0,0,7,0,0,1,0,1,0,5,0,0,92,0,16,0,2,,0,0,0,0,0,0,2,0,"$ 137,690,000","$ 6,309,000,000","$ 56,424,000,000","$ 698,900,000",10,"6,397,000",1,6,438 km,"16,000 km",0 bbl,"40,000 bbl","8,000,000 bbl",0 Cu.M,"182,131,000 Cu.M","1,133,000,000 Cu.M",0 Cu.M,"164,000 mt",0 Cu.M,"112,622 km",121 km,"2,123 km",150 km,138,,Africa,Sub-Saharan Africa,17401746309.0,
74,Somalia,"13,017,273","2,993,973","1,796,384","130,173","30,000",0,"2,000",6,0,0,0,0,0,0,6,0,0,"1,104",0,0,0,19,,0,0,0,0,0,0,19,0,"$ 870,000,000","$ 2,563,000,000","$ 26,770,000,000","$ 16,747,500",40,"3,439,000",6,4,0 km,"15,000 km",0 bbl,"6,000 bbl",0 bbl,0 Cu.M,0 Cu.M,"5,663,000,000 Cu.M",0 Cu.M,0 mt,0 Cu.M,"637,657 km","3,025 km","2,385 km",0 km,137,,Africa,Sub-Saharan Africa,8126105600.0,
75,South Sudan,"12,703,714","6,351,857","4,065,188","330,297","185,000",0,0,19,0,0,4,0,0,0,15,6,122,"2,550",24,0,15,0,,0,0,0,0,0,0,0,0,"$ 30,700,000","$ 2,722,500,000","$ 6,752,000,000","$ 128,248,000",89,"5,091,000",0,0,248 km,"90,200 km","146,000 bbl","11,000 bbl","3,750,000,000 bbl",0 Cu.M,0 Cu.M,0 Cu.M,0 Cu.M,0 mt,0 Cu.M,"644,329 km",0 km,"6,018 km",0 km,113,,Africa,Sub-Saharan Africa,11997800760.0,
76,Bolivia,"12,311,974","5,417,269","4,112,199","233,928","40,000","40,000",0,67,0,0,15,20,2,0,29,0,54,764,0,58,0,67,,0,0,0,0,0,0,50,0,"$ 467,670,000","$ 11,174,000,000","$ 122,200,000,000","$ 1,977,000,000",201,"6,859,000",0,50,"3,690 km","90,568 km","58,000 bbl","100,000 bbl","240,900,000 bbl","13,760,000,000 Cu.M","3,055,000,000 Cu.M","302,990,000,000 Cu.M",0 Cu.M,"9,000 mt","1,000,000 Cu.M","1,098,581 km",0 km,"7,252 km","10,000 km",82,,Americas,Latin America and the Caribbean,43068885673.0,
77,Tunisia,"12,048,847","6,024,424","5,181,004","204,830","89,800",0,"12,000",155,10,0,12,28,4,0,101,0,145,"13,927",0,105,0,37,,0,0,0,0,1,1,30,0,"$ 2,172,751,250","$ 21,212,000,000","$ 156,086,000,000","$ 9,344,000,000",14,"4,247,000",16,72,"2,173 km","32,332 km","35,000 bbl","104,000 bbl","425,000,000 bbl","1,323,000,000 Cu.M","5,153,000,000 Cu.M","65,129,000,000 Cu.M",0 Cu.M,"2,000 mt",0 Cu.M,"163,610 km","1,148 km","1,495 km",0 km,79,,Africa,Northern Africa,46664948952.0,
78,Belgium,"11,977,634","4,910,830","3,880,753","119,776","26,390","6,600",0,104,44,12,7,27,0,0,14,0,0,"3,588",0,0,0,9,"10,190",0,0,0,0,2,0,2,5,"$ 14,900,000,000","$ 1,594,190,730,000","$ 749,229,000,000","$ 41,449,000,000",48,"5,416,000",7,198,"3,602 km","118,414 km","11,000 bbl","596,000 bbl",0 bbl,"13,436,000 Cu.M","15,347,000,000 Cu.M",0 Cu.M,"1,269,000 Cu.M","4,372,000 mt","4,100,000,000 Cu.M","30,528 km",67 km,"1,297 km","2,043 km",61,,Europe,Western Europe,579000000000.0,NATO
79,Jordan,"11,174,024","3,463,947","2,983,464","145,262","114,500","100,000","35,000",279,44,10,12,66,11,0,159,44,"1,508","25,278",478,80,84,27,,0,0,0,0,0,0,27,0,"$ 2,668,500,000","$ 21,058,000,000","$ 109,986,000,000","$ 21,939,000,000",18,"3,080,000",1,34,509 km,"7,203 km",20 bbl,"97,000 bbl","1,000,000 bbl","187,262,000 Cu.M","4,382,000,000 Cu.M","6,031,000,000 Cu.M",0 Cu.M,"269,000 mt",0 Cu.M,"89,342 km",26 km,"1,744 km",0 km,74,,Asia,Western Asia,47451499859.0,
80,Cuba,"10,966,038","5,921,661","4,737,328","142,558","50,000","40,000","1,145,000",20,11,0,4,3,0,0,13,4,194,"7,792",140,364,200,19,,0,0,0,0,1,1,6,4,"$ 3,301,500,000","$ 36,372,600,000","$ 81,165,000,000","$ 10,442,000,000",120,"489,000",34,65,"8,367 km","60,000 km","34,000 bbl","118,000 bbl","124,000,000 bbl","659,434,000 Cu.M","659,434,000 Cu.M","70,792,000,000 Cu.M",0 Cu.M,"1,000 mt",0 Cu.M,"110,860 km","3,735 km",29 km,240 km,65,,Americas,Latin America and the Caribbean,107000000000.0,
81,Czechia,"10,837,890","5,093,808","4,129,236","97,541","30,334","4,900",0,103,12,16,10,21,2,0,42,4,20,"6,275",53,0,16,0,,0,0,0,0,0,0,0,0,"$ 9,174,000,000","$ 232,320,000,000","$ 521,928,000,000","$ 146,281,000,000",252,"5,541,000",0,0,"9,548 km","129,418 km","4,000 bbl","219,000 bbl","15,000,000 bbl","224,725,000 Cu.M","7,602,000,000 Cu.M","3,964,000,000 Cu.M","31,946,000 Cu.M","33,239,000 mt","3,595,000,000 Cu.M","78,867 km",0 km,"2,046 km",664 km,55,,,,291000000000.0,
82,Dominican Republic,"10,815,857","4,975,294","4,034,315","97,343","89,000","189,000","30,000",80,0,8,11,17,1,0,49,0,6,930,0,14,0,34,,0,0,0,0,0,0,14,0,"$ 903,000,000","$ 35,044,000,000","$ 276,884,000,000","$ 13,471,000,000",32,"5,413,000",17,40,496 km,"19,705 km",0 bbl,"146,000 bbl",0 bbl,0 Cu.M,"2,440,000,000 Cu.M",0 Cu.M,0 Cu.M,"2,356,000 mt",0 Cu.M,"48,320 km","1,288 km",376 km,0 km,115,,Americas,Latin America and the Caribbean,114000000000.0,
83,Azerbaijan,"10,650,239","5,218,617","3,908,638","159,754","128,000","306,000","15,000",159,12,20,4,36,0,0,87,16,"1,354","14,448",135,651,696,32,,0,0,4,0,0,0,17,4,"$ 5,100,000,000","$ 12,378,000,000","$ 225,198,000,000","$ 12,699,000,000",32,"5,020,000",0,312,"2,944 km","24,981 km","618,000 bbl","109,000 bbl","7,000,000,000 bbl","34,175,000,000 Cu.M","11,759,000,000 Cu.M","1,699,000,000,000 Cu.M",0 Cu.M,"6,000 mt",0 Cu.M,"86,600 km",713 km,"2,468 km",0 km,60,,Asia,Western Asia,78721058824.0,
84,Portugal,"10,639,726","5,319,863","4,096,295","127,677","25,000","23,500","23,300",128,28,5,20,23,16,4,36,0,34,"10,419",23,54,0,128,"42,755",0,0,2,0,5,2,71,0,"$ 6,760,000,000","$ 530,000,000,000","$ 556,942,000,000","$ 55,160,000,000",136,"5,332,100",36,"1,158","3,622 km","136,635 km","12,932 bbl","200,000 bbl","22,440,000 bbl",0 Cu.M,"3,700,000,000 Cu.M","72,000,000,000 Cu.M",0 Cu.M,0 mt,"40,000,000 Cu.M","92,090 km","1,793 km","1,224 km",764 km,38,,Europe,Southern Europe,252000000000.0,NATO
85,Sweden,"10,589,835","4,235,934","3,558,185","105,898","25,600","34,000","104,400",172,73,0,6,36,3,1,53,0,110,"27,576",24,0,0,279,"39,816",0,0,4,0,0,7,116,8,"$ 15,900,000,000","$ 1,102,693,570,000","$ 668,628,000,000","$ 62,569,000,000",206,"5,699,000",92,361,"10,910 km","197,964 km","11,000 bbl","270,000 bbl",0 bbl,0 Cu.M,"889,924,000 Cu.M",0 Cu.M,"1,042,000 Cu.M","3,170,000 mt","5,000,000 Cu.M","450,295 km","3,218 km","2,211 km","2,052 km",26,,Europe,Northern Europe,586000000000.0,NATO
86,Greece,"10,461,091","4,916,713","3,985,676","104,611","142,700","221,350","55,000",560,178,0,17,86,8,0,285,28,"1,344","56,416",589,698,152,186,"215,808",0,0,9,0,14,0,45,3,"$ 8,242,150,000","$ 605,000,000,000","$ 192,205,000,000","$ 15,222,000,000",82,"4,655,000",57,"1,215","2,345 km","117,000 km","5,000 bbl","308,000 bbl","10,000,000 bbl","3,284,000 Cu.M","5,173,000,000 Cu.M","991,090,000 Cu.M","10,469,000 Cu.M","10,091,000 mt","2,876,000,000 Cu.M","131,957 km","13,676 km","1,110 km",6 km,30,,Europe,Southern Europe,219000000000.0,NATO
87,Tajikistan,"10,394,063","4,781,269","3,773,045","176,699","150,000","600,000","20,000",25,0,0,1,4,0,0,20,6,38,"6,782",3,13,24,0,,0,0,0,0,0,0,0,0,"$ 450,460,000","$ 3,024,000,000","$ 50,370,000,000","$ 3,026,450,000",19,"2,780,000",0,0,680 km,"30,000 km",300 bbl,"31,000 bbl","12,000,000 bbl","18,476,000 Cu.M","85,567,000 Cu.M","5,663,000,000 Cu.M","2,394,000 Cu.M","2,297,000 mt","4,075,000,000 Cu.M","144,100 km",0 km,"4,130 km",200 km,100,,Asia,Central Asia,10492123388.0,
88,United Arab Emirates,"10,032,213","5,818,684","4,945,881","80,258","65,000","130,000","12,000",581,99,40,35,151,27,5,250,30,354,"8,982",165,99,49,84,"20,210",0,0,0,0,0,11,34,2,"$ 23,480,000,000","$ 290,400,000,000","$ 745,994,000,000","$ 237,931,000,000",42,"7,090,000",20,655,0 km,"4,080 km","4,146,000 bbl","846,000 bbl","97,800,000,000 bbl","56,683,000,000 Cu.M","66,091,000,000 Cu.M","6,091,000,000 Cu.M",0 Cu.M,"5,411,000 mt",0 Cu.M,"83,600 km","1,318 km","1,066 km",0 km,54,,Asia,Western Asia,508000000000.0,
89,Hungary,"9,855,745","4,632,200","3,794,462","118,269","41,600","20,000","15,000",80,12,0,3,17,0,0,50,8,220,"11,502",24,295,0,0,,0,0,0,0,0,0,0,0,"$ 5,887,250,000","$ 151,250,000,000","$ 389,207,000,000","$ 46,422,000,000",109,"4,954,000",0,1,"7,687 km","203,601 km","36,000 bbl","179,000 bbl","12,100,000 bbl","1,523,000,000 Cu.M","9,485,000,000 Cu.M","3,738,000,000 Cu.M","4,293,000 Cu.M","4,694,000 mt","2,633,000,000 Cu.M","103,000 km",0 km,"2,106 km","1,622 km",57,,Europe,Eastern Europe,179000000000.0,NATO
90,Honduras,"9,529,188","4,192,843","3,144,632","95,292","52,225",0,"23,000",45,6,7,10,10,1,0,11,0,22,"4,666",0,48,0,98,,0,0,0,0,0,0,93,0,"$ 612,300,000","$ 7,785,000,000","$ 71,297,000,000","$ 8,036,000,000",129,"4,296,000",8,489,699 km,"14,742 km",20 bbl,"71,000 bbl",0 bbl,0 Cu.M,0 Cu.M,0 Cu.M,0 Cu.M,"144,000 mt",0 Cu.M,"112,090 km",832 km,"1,575 km",465 km,103,,Americas,Latin America and the Caribbean,31717700115.0,
91,Belarus,"9,501,451","5,035,769","3,724,569","104,516","63,000","365,400","55,000",194,43,50,4,27,0,0,70,31,577,"6,820",357,190,206,0,,0,0,0,0,0,0,0,0,"$ 1,034,784,000","$ 18,010,000,000","$ 265,220,000,000","$ 8,912,000,000",46,"4,817,000",0,4,"5,528 km","86,600 km","30,000 bbl","125,000 bbl","198,000,000 bbl","73,929,000 Cu.M","16,683,000,000 Cu.M","2,832,000,000 Cu.M",0 Cu.M,"710,000 mt",0 Cu.M,"207,600 km",0 km,"3,599 km","2,500 km",70,,Europe,Eastern Europe,72793457588.0,
92,Israel,"9,402,617","3,949,099","3,281,513","131,637","169,500","465,000","35,000",597,239,45,14,148,19,13,127,48,"1,300","62,380",323,171,228,82,"40,638",0,0,6,0,0,7,66,0,"$ 34,600,000,000","$ 163,350,000,000","$ 472,177,000,000","$ 214,544,000,000",40,"4,710,000",5,41,"1,497 km","20,391 km","15,000 bbl","219,000 bbl","12,730,000 bbl","22,886,000,000 Cu.M","11,510,000,000 Cu.M","176,018,000,000 Cu.M",0 Cu.M,"5,297,000 mt",0 Cu.M,"21,937 km",273 km,"1,068 km",0 km,15,,Asia,Western Asia,522000000000.0,
93,Sierra Leone,"9,121,049","2,006,631","1,203,978","45,605","13,000",0,0,1,0,0,0,0,0,0,1,0,0,350,0,0,0,10,,0,0,0,0,0,0,10,0,"$ 450,000,000","$ 1,451,000,000","$ 26,728,000,000","$ 495,699,000",8,"2,863,000",3,584,0 km,"11,701 km",0 bbl,"9,000 bbl",0 bbl,0 Cu.M,0 Cu.M,0 Cu.M,0 Cu.M,0 mt,0 Cu.M,"71,740 km",402 km,"1,093 km",800 km,140,,Africa,Sub-Saharan Africa,3970343852.0,
94,Austria,"8,967,982","4,035,592","3,632,033","98,648","25,000","125,600",0,90,15,0,11,23,0,0,41,0,56,"5,160",30,0,0,0,,0,0,0,0,0,0,0,0,"$ 6,103,900,800","$ 693,000,000,000","$ 581,131,000,000","$ 35,406,000,000",62,"4,768,000",0,1,"6,123 km","126,233 km","18,000 bbl","244,000 bbl","35,200,000 bbl","618,209,000 Cu.M","8,136,000,000 Cu.M","5,040,000,000 Cu.M","1,288,000 Cu.M","5,403,000 mt",0 Cu.M,"83,871 km",0 km,"2,524 km",358 km,67,,Europe,Western Europe,471000000000.0,
95,Switzerland,"8,860,574","3,898,653","3,163,225","97,466","147,178",0,"5,000",141,40,0,16,43,3,0,39,0,134,"6,885",133,0,0,0,,0,0,0,0,0,0,0,0,"$ 8,372,658,426","$ 2,420,000,000,000","$ 741,035,000,000","$ 909,366,000,000",66,"5,153,000",0,17,"5,296 km","83,131 km",300 bbl,"194,000 bbl",0 bbl,0 Cu.M,"3,138,000,000 Cu.M",0 Cu.M,0 Cu.M,"126,000 mt",0 Cu.M,"41,277 km",0 km,"1,770 km","1,292 km",46,,Europe,Western Europe,808000000000.0,
96,Laos,"7,953,556","3,499,565","2,521,277","159,071","100,000","30,000","120,000",29,0,0,2,7,0,0,20,0,160,"7,725",50,97,64,51,,0,0,0,0,0,0,47,0,"$ 355,600,000","$ 9,619,000,000","$ 66,905,000,000","$ 1,770,000,000",20,"3,585,000",0,1,422 km,"59,647 km",0 bbl,"25,000 bbl",0 bbl,0 Cu.M,0 Cu.M,0 Cu.M,"16,629,000 Cu.M","15,944,000 mt","62,000,000 Cu.M","236,800 km",0 km,"5,274 km","4,600 km",125,,Asia,South-eastern Asia,,
97,Paraguay,"7,522,549","3,535,598","3,001,497","150,451","15,650","168,500","14,800",49,0,4,12,14,1,0,18,0,10,"2,876",6,50,0,73,,0,0,0,0,0,0,64,0,"$ 416,800,000","$ 13,783,000,000","$ 112,919,000,000","$ 9,886,000,000",83,"3,502,000",1,108,30 km,"78,811 km","2,000 bbl","52,000 bbl",0 bbl,0 Cu.M,0 Cu.M,0 Cu.M,0 Cu.M,700 mt,0 Cu.M,"406,752 km",0 km,"4,655 km","3,100 km",81,,Americas,Latin America and the Caribbean,41722295362.0,
98,Libya,"7,361,263","3,827,857","3,290,485","125,141","32,000",0,"100,000",83,10,1,12,35,0,0,22,4,55,"2,728",20,38,25,5,,0,0,0,0,1,0,2,0,"$ 1,474,800,000","$ 3,654,200,000","$ 90,609,000,000","$ 92,894,000,000",75,"2,585,000",14,96,0 km,"34,000 km","1,245,000 bbl","207,000 bbl","48,363,000,000 bbl","11,832,000,000 Cu.M","9,212,000,000 Cu.M","1,505,000,000,000 Cu.M",0 Cu.M,0 mt,0 Cu.M,"1,759,540 km","1,770 km","4,339 km",0 km,80,,Africa,Northern Africa,45752336036.0,
99,Bulgaria,"6,782,659","3,187,850","2,611,324","61,044","36,950","3,000",0,71,11,5,6,26,0,0,23,4,334,"6,724",48,24,24,45,,0,0,0,0,6,3,0,17,"$ 2,485,350,000","$ 14,277,000,000","$ 219,645,000,000","$ 43,698,000,000",107,"3,124,000",2,78,"4,029 km","19,512 km","4,000 bbl","101,000 bbl","15,000,000 bbl","20,837,000 Cu.M","2,801,000,000 Cu.M","5,663,000,000 Cu.M","20,970,000 Cu.M","20,557,000 mt","2,174,000,000 Cu.M","110,880 km",354 km,"1,806 km",470 km,62,,Europe,Eastern Europe,89040398406.0,NATO
100,Nicaragua,"6,676,948","3,271,705","2,777,610","146,893","45,000",0,"5,500",17,0,0,5,1,0,0,12,0,186,"6,344",0,347,151,23,,0,0,0,0,0,0,23,0,"$ 1,311,600,000","$ 6,753,000,000","$ 52,989,000,000","$ 6,105,000,000",39,"3,225,000",5,5,0 km,"24,033 km",200 bbl,"28,000 bbl",0 bbl,0 Cu.M,0 Cu.M,0 Cu.M,0 Cu.M,0 mt,0 Cu.M,"130,370 km",910 km,"1,253 km","2,220 km",116,,Americas,Latin America and the Caribbean,15671583878.0,
101,Serbia,"6,652,212","3,259,584","2,574,406","79,827","22,500","2,000","600,000",115,11,17,3,33,0,0,51,4,242,"7,190",96,150,73,30,,0,0,0,0,0,0,18,4,"$ 2,770,000,000","$ 21,726,000,000","$ 177,093,000,000","$ 30,484,000,000",46,"3,230,000",0,0,"3,333 km","45,022 km","13,000 bbl","88,000 bbl","77,500,000 bbl","353,376,000 Cu.M","2,939,000,000 Cu.M","48,139,000,000 Cu.M","33,219,000 Cu.M","37,828,000 mt","7,112,000,000 Cu.M","77,474 km",0 km,"2,322 km",587 km,63,,Europe,Southern Europe,63501748652.0,
102,El Salvador,"6,628,702","3,181,777","2,512,278","145,831","25,000",0,"15,000",51,0,15,3,10,0,0,28,0,0,"2,144",0,76,0,13,,0,0,0,0,0,0,8,0,"$ 1,037,200,000","$ 12,668,000,000","$ 73,961,000,000","$ 3,705,000,000",27,"2,890,000",3,5,13 km,"9,012 km",3 bbl,"56,000 bbl",0 bbl,0 Cu.M,"226,472 Cu.M",0 Cu.M,0 Cu.M,500 mt,0 Cu.M,"21,041 km",307 km,590 km,422 km,129,,Americas,Latin America and the Caribbean,32488720000.0,
103,Eritrea,"6,343,956","2,220,385","1,598,677","76,127","350,000","680,000",0,20,1,0,5,1,0,0,13,6,148,"1,040",45,89,44,23,,0,0,0,0,0,0,18,0,"$ 219,000,000","$ 461,376,000","$ 2,534,000,000","$ 191,694,000",11,"1,710,000",2,9,306 km,"16,000 km",0 bbl,"5,000 bbl",0 bbl,0 Cu.M,0 Cu.M,0 Cu.M,0 Cu.M,0 mt,0 Cu.M,"117,600 km","2,234 km","1,840 km",0 km,119,,Africa,Sub-Saharan Africa,2065001626.0,
104,Kyrgyzstan,"6,172,101","3,147,772","2,487,357","117,270","23,000",0,"55,000",7,0,0,0,0,0,0,7,2,215,"5,372",30,174,21,0,,0,0,0,0,0,0,0,0,"$ 654,000,000","$ 3,617,000,000","$ 50,907,000,000","$ 5,089,000,000",28,"3,197,000",0,0,424 km,"34,000 km","6,000 bbl","31,000 bbl","40,000,000 bbl","31,026,000 Cu.M","438,000,000 Cu.M","5,663,000,000 Cu.M","3,685,000 Cu.M","4,212,000 mt","28,499,000,000 Cu.M","199,951 km",0 km,"4,573 km",576 km,109,,Asia,Central Asia,,
105,Republic of the Congo,"6,097,665","2,256,136","1,353,682","115,856","10,000",0,"2,500",14,2,0,4,0,0,0,8,1,61,804,3,38,30,4,,0,0,0,0,0,0,0,0,"$ 933,360,000","$ 6,360,000,000","$ 39,147,000,000","$ 715,391,000",56,"2,563,000",5,11,510 km,"23,324 km","267,000 bbl","13,000 bbl","2,885,000,000 bbl","423,000,000 Cu.M","423,000,000 Cu.M","283,990,000,000 Cu.M",0 Cu.M,0 mt,0 Cu.M,"342,000 km",169 km,"5,008 km","1,120 km",117,,,,,
106,Singapore,"6,028,459","3,918,498","2,628,408","66,313","51,000","252,500","12,000",235,100,0,9,36,9,11,75,20,170,"17,244",48,89,24,101,"93,244",0,0,6,0,6,6,55,4,"$ 18,000,000,000","$ 1,884,751,660,000","$ 800,304,000,000","$ 383,946,000,000",9,"3,722,000",5,"3,202",0 km,"3,500 km",0 bbl,"1,514,000 bbl",0 bbl,0 Cu.M,"13,724,000,000 Cu.M",0 Cu.M,0 Cu.M,"1,153,000 mt",0 Cu.M,719 km,193 km,0 km,0 km,29,,Asia,South-eastern Asia,467000000000.0,
107,Denmark,"5,973,136","2,628,180","2,126,436","77,651","21,000","12,000","51,000",122,26,19,4,36,3,0,34,0,44,"5,930",19,0,8,50,"121,180",0,0,0,0,9,0,9,6,"$ 14,250,000,000","$ 611,050,000,000","$ 440,558,000,000","$ 108,405,000,000",102,"3,210,000",69,715,"2,682 km","73,591 km","63,000 bbl","151,000 bbl","441,000,000 bbl","1,879,000,000 Cu.M","2,208,000,000 Cu.M","29,534,000,000 Cu.M",0 Cu.M,"1,135,000 mt",0 Cu.M,"43,094 km","7,314 km",140 km,400 km,45,,Europe,Northern Europe,395000000000.0,NATO
108,Turkmenistan,"5,744,151","2,768,681","2,245,963","109,139","36,500",0,"3,500",91,22,27,5,11,0,0,26,10,654,"11,588",73,457,164,16,,0,0,0,0,0,0,16,0,"$ 1,463,000,000","$ 3,696,000,000","$ 134,555,000,000","$ 21,073,860,000",23,"2,445,000",0,73,"5,113 km","58,592 km","272,000 bbl","152,000 bbl","600,000,000 bbl","86,472,000,000 Cu.M","41,561,000,000 Cu.M","11,327,000,000,000 Cu.M",0 Cu.M,0 mt,"799,999,000 Cu.M","488,100 km","1,768 km","4,158 km","1,300 km",78,,Asia,Central Asia,45610571429.0,
109,Central African Republic,"5,650,957","2,203,873","1,254,512","101,717","30,000",0,"1,000",8,0,8,0,0,0,0,0,0,0,270,0,0,0,0,,0,0,0,0,0,0,0,0,"$ 300,000,000","$ 724,179,000","$ 5,926,000,000","$ 374,405,000",43,"2,000,000",0,0,0 km,"24,000 km",0 bbl,"2,000 bbl",0 bbl,0 Cu.M,0 Cu.M,0 Cu.M,0 Cu.M,0 mt,"3,000,000 Cu.M","622,984 km",0 km,"5,920 km","2,800 km",143,,Africa,Sub-Saharan Africa,2382618615.0,
110,Finland,"5,626,414","2,306,830","1,912,981","56,264","24,000","870,000","53,800",162,53,0,11,77,1,0,27,0,200,"14,866",125,667,76,165,"19,434",0,0,0,0,0,0,8,18,"$ 8,890,000,000","$ 726,000,000,000","$ 313,591,000,000","$ 17,993,000,000",98,"2,898,000",37,282,"5,918 km","108,637 km","8,000 bbl","175,000 bbl",0 bbl,0 Cu.M,"1,157,000,000 Cu.M",0 Cu.M,"811,000 Cu.M","3,933,000 mt",0 Cu.M,"338,145 km","1,250 km","2,563 km","8,000 km",48,,Europe,Northern Europe,281000000000.0,NATO
111,Slovakia,"5,563,649","2,837,461","2,353,424","61,200","20,982",0,0,48,7,0,7,11,1,0,22,0,45,"6,636",35,9,25,0,,0,0,0,0,0,0,0,0,"$ 2,900,000,000","$ 140,360,000,000","$ 218,762,000,000","$ 14,452,000,000",116,"2,779,000",0,0,"3,627 km","45,106 km","7,000 bbl","90,000 bbl","9,000,000 bbl","52,556,000 Cu.M","60,424,000 Cu.M","14,158,000,000 Cu.M","2,315,000 Cu.M","6,066,000 mt","19,000,000 Cu.M","49,035 km",0 km,"1,587 km",172 km,69,,Europe,Eastern Europe,,NATO
112,Norway,"5,509,733","2,203,893","1,807,192","71,627","33,440","20,100","40,500",109,0,43,4,23,5,0,34,0,36,"11,441",28,0,0,48,"66,022",0,0,6,0,4,6,20,5,"$ 11,189,483,200","$ 787,758,400,000","$ 507,680,000,000","$ 81,242,000,000",146,"3,042,000",141,"1,720","3,848 km","95,120 km","2,020,000 bbl","229,000 bbl","8,122,200,000 bbl","123,727,000,000 Cu.M","4,548,000,000 Cu.M","1,544,455,000,000 Cu.M","120,000 Cu.M","1,096,000 mt","2,000,000 Cu.M","323,802 km","25,148 km","2,566 km","1,577 km",39,,Europe,Northern Europe,579000000000.0,NATO
113,Liberia,"5,437,249","2,392,390","1,913,912","65,247","2,100",0,"5,500",0,0,0,0,0,0,0,0,0,0,550,0,0,0,6,,0,0,0,0,0,0,6,0,"$ 20,700,000","$ 1,335,000,000","$ 9,308,000,000","$ 599,660,000",19,"2,607,000",4,"4,821",429 km,"10,600 km",0 bbl,"5,000 bbl",0 bbl,0 Cu.M,0 Cu.M,0 Cu.M,0 Cu.M,0 mt,0 Cu.M,"111,369 km",579 km,"1,667 km",0 km,141,,Africa,Sub-Saharan Africa,4001047150.0,
114,Lebanon,"5,364,482","2,092,148","1,775,644","69,738","80,000","15,000","65,000",80,0,9,0,9,0,0,68,0,334,"6,912",12,350,11,48,,0,0,0,0,0,0,42,0,"$ 800,000,000","$ 41,619,000,000","$ 65,415,000,000","$ 33,301,000,000",8,"1,939,000",5,51,401 km,"21,705 km",0 bbl,"115,000 bbl",0 bbl,0 Cu.M,0 Cu.M,0 Cu.M,0 Cu.M,"166,000 mt",0 Cu.M,"10,400 km",225 km,484 km,0 km,118,,Asia,Western Asia,23131941557.0,
115,Ireland,"5,233,461","2,407,392","1,999,182","57,568","7,557","1,720",0,23,0,0,5,8,2,0,8,0,0,"3,296",0,0,0,8,,0,0,0,0,0,0,8,0,"$ 1,754,400,500","$ 3,630,000,000,000","$ 620,544,000,000","$ 12,698,000,000",100,"2,857,000",21,94,"1,688 km","102,227 km",600 bbl,"159,000 bbl",0 bbl,"1,447,000,000 Cu.M","5,280,000,000 Cu.M","9,911,000,000 Cu.M",0 Cu.M,"1,341,000 mt","40,000,000 Cu.M","70,273 km","1,448 km",443 km,956 km,94,,Europe,Northern Europe,529000000000.0,
116,New Zealand,"5,161,211","2,219,321","1,775,457","61,935","10,050","3,300",300,47,0,0,7,13,6,0,21,0,0,"3,378",0,31,0,8,,0,0,0,0,2,0,4,0,"$ 2,455,949,332","$ 230,651,410,000","$ 257,117,000,000","$ 22,065,000,000",206,"3,124,000",22,117,"4,128 km","94,000 km","12,000 bbl","154,000 bbl","40,993,000 bbl","3,770,000,000 Cu.M","3,819,000,000 Cu.M","31,149,000,000 Cu.M","3,011,000 Cu.M","2,696,000 mt","6,750,000,000 Cu.M","268,838 km","15,134 km",0 km,0 km,90,,Oceania,Australia and New Zealand,247000000000.0,
117,Georgia,"4,900,961","2,744,538","2,225,036","93,118","37,000","205,500",0,61,0,5,2,10,0,0,44,11,132,"5,974",67,121,42,19,,0,0,0,0,0,0,31,4,"$ 680,000,000","$ 9,085,000,000","$ 91,849,000,000","$ 4,447,000,000",21,"1,833,000",3,26,"1,363 km","40,044 km",300 bbl,"34,000 bbl","35,000,000 bbl","8,760,000 Cu.M","2,796,000,000 Cu.M","8,495,000,000 Cu.M","148,000 Cu.M","384,000 mt","900,999,000 Cu.M","69,700 km",310 km,"1,814 km",0 km,95,,Asia,Western Asia,24605375420.0,
118,Panama,"4,470,241","2,011,608","1,206,965","53,643","16,300",0,"80,000",38,0,0,13,0,2,0,23,0,0,"1,550",0,0,0,22,,0,0,0,0,0,0,14,0,"$ 1,069,750,000","$ 1,227,085,530,000","$ 164,484,000,000","$ 6,856,000,000",77,"2,206,000",12,"8,174",77 km,"11,978 km",0 bbl,"131,000 bbl",0 bbl,0 Cu.M,"389,611,000 Cu.M",0 Cu.M,0 Cu.M,"863,000 mt",0 Cu.M,"75,420 km","2,490 km",687 km,800 km,135,,Americas,Latin America and the Caribbean,76522511781.0,
119,Mauritania,"4,328,040","1,687,936","1,181,555","82,233","31,540","66,000","5,000",23,0,4,7,6,2,0,4,0,51,"5,024",0,75,0,6,,0,0,0,0,0,0,6,0,"$ 270,625,000","$ 3,072,000,000","$ 33,069,000,000","$ 2,039,000,000",25,"1,210,000",2,11,728 km,"12,253 km",0 bbl,"32,000 bbl","20,000,000 bbl",0 Cu.M,0 Cu.M,"28,317,000,000 Cu.M",0 Cu.M,0 mt,0 Cu.M,"1,030,700 km",754 km,"5,002 km","1,086 km",123,,Africa,Sub-Saharan Africa,10375460680.0,
120,Croatia,"4,150,116","2,033,557","1,564,594","53,952","14,325","20,100","2,000",67,12,0,0,26,0,0,37,0,55,"4,874",25,42,42,30,,0,0,0,0,0,0,11,1,"$ 2,744,000,000","$ 60,500,000,000","$ 164,825,000,000","$ 3,336,000,000",45,"1,733,000",16,384,"2,617 km","26,958 km","11,000 bbl","70,000 bbl","71,000,000 bbl","741,456,000 Cu.M","2,502,000,000 Cu.M","24,919,000,000 Cu.M",0 Cu.M,"596,000 mt",0 Cu.M,"56,594 km","5,835 km","2,237 km","4,714 km",73,,Europe,Southern Europe,70964606465.0,NATO
121,Oman,"3,901,992","1,482,757","1,291,559","50,726","100,000",0,"10,000",128,29,10,9,45,4,0,31,0,264,"11,380",24,144,0,17,"22,490",0,0,0,0,0,5,8,0,"$ 8,364,000,000","$ 55,986,700,000","$ 193,591,000,000","$ 18,287,000,000",37,"2,696,000",7,57,0 km,"60,230 km","1,056,000 bbl","218,000 bbl","5,375,000,000 bbl","40,754,000,000 Cu.M","27,364,000,000 Cu.M","651,287,000,000 Cu.M",0 Cu.M,"82,000 mt",0 Cu.M,"309,500 km","2,092 km","1,561 km",0 km,86,,Asia,Western Asia,115000000000.0,
122,Bosnia and Herzegovina,"3,798,671","2,355,176","1,956,316","49,383","18,000","8,000",0,15,0,0,0,0,0,0,15,0,45,892,0,300,24,0,,0,0,0,0,0,0,0,0,"$ 289,920,000","$ 5,359,000,000","$ 64,641,000,000","$ 9,419,000,000",20,"1,356,000",1,0,965 km,"8,619 km",0 bbl,"34,000 bbl",0 bbl,0 Cu.M,"225,824,000 Cu.M",0 Cu.M,"12,311,000 Cu.M","12,304,000 mt","2,264,000,000 Cu.M","51,197 km",20 km,"1,543 km",990 km,133,,,,24527507288.0,
123,Moldova,"3,599,528","2,159,717","1,792,565","71,991","6,500","2,000","2,000",3,0,0,1,0,0,0,2,0,0,"1,598",4,67,11,0,,0,0,0,0,0,0,0,0,"$ 114,114,000","$ 2,637,000,000","$ 39,342,000,000","$ 5,848,000,000",10,"1,358,000",0,75,"1,171 km","9,488 km",0 bbl,"22,000 bbl",0 bbl,"10,000 Cu.M","2,344,000,000 Cu.M",0 Cu.M,0 Cu.M,"90,000 mt",0 Cu.M,"33,851 km",0 km,"1,885 km",558 km,136,,Europe,Eastern Europe,14420947884.0,
124,Uruguay,"3,425,330","1,575,652","1,322,177","54,805","24,000",0,"5,000",43,0,6,6,12,5,2,12,0,62,"5,968",16,83,4,16,,0,0,0,0,0,0,5,2,"$ 1,903,440,000","$ 54,450,000,000","$ 108,502,000,000","$ 17,378,000,000",65,"1,768,000",8,58,"1,673 km","77,732 km",400 bbl,"50,000 bbl",0 bbl,0 Cu.M,"86,037,000 Cu.M",0 Cu.M,0 Cu.M,"8,000 mt",0 Cu.M,"176,215 km",660 km,"1,591 km","1,600 km",97,,Americas,Latin America and the Caribbean,71177146197.0,
125,Mongolia,"3,281,676","1,870,555","1,552,233","62,352","35,000","230,000","50,000",8,0,0,3,2,0,0,3,0,420,"11,040",0,500,130,0,,0,0,0,0,0,0,0,0,"$ 1,590,000,000","$ 8,379,000,000","$ 59,221,000,000","$ 5,508,000,000",37,"1,449,000",0,318,"1,815 km","113,200 km","15,000 bbl","39,000 bbl",0 bbl,0 Cu.M,0 Cu.M,0 Cu.M,"68,824,000 Cu.M","8,941,000 mt","2,520,000,000 Cu.M","1,564,116 km",0 km,"8,082 km",580 km,93,,Asia,Eastern Asia,16810883361.0,
126,Kuwait,"3,138,355","1,726,095","1,449,920","37,660","78,000","24,000","7,500",133,47,0,2,13,0,3,68,16,367,"7,472",51,0,27,123,,0,0,0,0,0,0,106,0,"$ 7,987,000,000","$ 60,500,000,000","$ 225,947,000,000","$ 50,728,000,000",6,"3,003,000",6,176,0 km,"5,749 km","2,910,000 bbl","430,000 bbl","101,500,000,000 bbl","19,285,000,000 Cu.M","26,083,000,000 Cu.M","1,784,000,000,000 Cu.M",0 Cu.M,"60,000 mt",0 Cu.M,"17,818 km",499 km,475 km,0 km,76,,Asia,Western Asia,185000000000.0,
127,Albania,"3,107,100","1,522,479","1,292,554","62,142","7,500",0,500,20,0,0,1,0,0,0,19,0,0,"1,492",10,0,270,33,,0,0,0,0,0,0,33,0,"$ 720,037,190","$ 5,363,000,000","$ 51,360,000,000","$ 6,516,000,000",3,"1,370,000",3,69,424 km,"3,581 km","14,000 bbl","21,000 bbl","150,000,000 bbl","50,623,000 Cu.M","50,623,000 Cu.M","5,692,000,000 Cu.M","473,000 Cu.M","255,000 mt","522,000,000 Cu.M","28,748 km",362 km,691 km,41 km,77,,Europe,Southern Europe,18882095518.0,NATO
128,Armenia,"2,976,765","1,666,988","1,366,335","44,651","65,000","210,000","5,000",69,4,14,3,12,0,0,36,20,109,"1,412",104,193,100,0,,0,0,0,0,0,0,0,0,"$ 1,480,000,000","$ 6,002,000,000","$ 60,909,000,000","$ 3,685,000,000",11,"1,510,000",0,0,686 km,"7,700 km",0 bbl,"15,000 bbl",0 bbl,0 Cu.M,"2,861,000,000 Cu.M",0 Cu.M,300 Cu.M,"19,000 mt","317,000,000 Cu.M","29,743 km",0 km,"1,570 km",0 km,101,,Asia,Western Asia,19502783988.0,
129,Namibia,"2,803,660","616,805","400,923","30,840","17,567",0,"5,000",36,11,0,5,13,0,0,7,2,7,"2,402",0,50,55,15,,0,0,0,0,0,2,15,0,"$ 450,498,000","$ 9,680,000,000","$ 31,154,000,000","$ 3,356,000,000",259,"1,131,000",2,15,"2,628 km","48,875 km",0 bbl,"23,000 bbl",0 bbl,0 Cu.M,0 Cu.M,"62,297,000,000 Cu.M",0 Cu.M,"24,000 mt","350,000,000 Cu.M","824,292 km","1,572 km","4,220 km",0 km,122,,Africa,Sub-Saharan Africa,12607436976.0,
130,Lithuania,"2,628,186","1,708,321","1,332,490","36,795","23,000","104,000","14,150",9,0,0,5,0,0,0,4,0,0,"4,553",16,54,0,13,,0,0,0,0,0,0,5,4,"$ 5,651,760,000","$ 48,400,000,000","$ 136,227,000,000","$ 7,406,000,000",64,"1,548,000",2,59,"1,911 km","83,821 km","4,000 bbl","67,000 bbl","12,000,000 bbl",0 Cu.M,"1,601,000,000 Cu.M",0 Cu.M,0 Cu.M,"166,000 mt",0 Cu.M,"65,300 km",90 km,"1,545 km",441 km,88,,Europe,Northern Europe,70334299008.0,NATO
131,Qatar,"2,552,088","638,022","490,001","12,760","26,550","4,000","5,500",263,115,6,12,45,0,0,85,24,62,"5,576",46,12,16,125,,0,0,0,0,0,4,107,0,"$ 11,950,000,000","$ 205,700,000,000","$ 317,064,000,000","$ 53,987,000,000",8,"2,123,000",6,123,0 km,"7,039 km","1,818,000 bbl","268,000 bbl","25,244,000 bbl","169,595,000,000 Cu.M","41,515,000,000 Cu.M","23,861,000,000,000 Cu.M",0 Cu.M,0 mt,0 Cu.M,"11,586 km",563 km,87 km,0 km,71,,Asia,Western Asia,237000000000.0,
132,Gabon,"2,455,105","932,940","532,758","46,647","5,000",0,"2,500",25,6,0,3,0,0,0,16,0,0,424,0,4,28,5,,0,0,0,0,0,0,4,0,"$ 340,950,000","$ 6,442,000,000","$ 48,045,000,000","$ 1,447,000,000",42,"824,400",9,87,649 km,"14,300 km","204,000 bbl","14,000 bbl","2,000,000,000 bbl","463,000,000 Cu.M","463,000,000 Cu.M","25,995,000,000 Cu.M",0 Cu.M,0 mt,0 Cu.M,"267,667 km",885 km,"3,261 km","1,600 km",132,,Africa,Sub-Saharan Africa,21071739228.0,
133,Botswana,"2,450,668","1,029,281","617,568","24,507","12,000",0,0,45,10,0,9,10,0,0,16,0,45,"1,224",12,36,20,0,,0,0,0,0,0,0,0,0,"$ 581,000,000","$ 1,761,000,000","$ 45,553,000,000","$ 3,456,000,000",122,"1,173,000",0,0,888 km,"31,747 km",0 bbl,"22,000 bbl",0 bbl,0 Cu.M,0 Cu.M,0 Cu.M,"2,242,000 Cu.M","1,351,000 mt","1,660,000,000 Cu.M","581,730 km",0 km,"4,347 km",0 km,130,,Africa,Sub-Saharan Africa,20352322157.0,
134,North Macedonia,"2,135,622","948,216","783,773","27,763","10,010","60,000","3,500",20,0,0,0,10,0,0,10,4,0,"1,878",0,156,18,0,,0,0,0,0,0,0,0,0,"$ 421,527,100","$ 5,637,000,000","$ 43,844,000,000","$ 5,252,000,000",13,"779,200",0,0,699 km,"15,170 km",0 bbl,"24,000 bbl",0 bbl,0 Cu.M,"274,928,000 Cu.M",0 Cu.M,"4,000,000 Cu.M","5,344,000 mt","332,000,000 Cu.M","25,713 km",0 km,838 km,0 km,114,,,,13563132057.0,NATO
135,Slovenia,"2,097,893","1,006,989","826,570","22,867","7,000","26,000","5,000",40,0,0,5,23,0,0,16,0,54,"4,636",17,18,0,3,,0,0,0,0,0,0,3,0,"$ 1,782,000,000","$ 60,500,000,000","$ 103,118,000,000","$ 2,832,000,000",42,"1,058,000",2,8,"1,207 km","38,125 km",4 bbl,"44,000 bbl",0 bbl,"3,863,000 Cu.M","840,902,000 Cu.M",0 Cu.M,"2,440,000 Cu.M","2,309,000 mt","95,000,000 Cu.M","20,273 km",47 km,"1,211 km",710 km,91,,Europe,Southern Europe,62117768015.0,NATO
136,Kosovo,"1,977,093","917,371","743,387","17,794","4,000","5,000",500,0,0,0,0,0,0,0,0,0,0,"1,357",0,0,0,0,,0,0,0,0,0,0,0,0,"$ 1,177,450,000","$ 785,739,000","$ 25,019,000,000","$ 1,310,000,000",2,"500,300",0,0,437 km,"2,248 km",0 bbl,"16,000 bbl",0 bbl,0 Cu.M,0 Cu.M,0 Cu.M,"6,924,000 Cu.M","6,931,000 mt","1,564,000,000 Cu.M","10,887 km",0 km,714 km,0 km,139,,,,9429156202.0,
137,Latvia,"1,801,246","810,561","648,449","16,211","17,870","38,000","12,500",3,0,0,0,0,0,0,3,0,0,"3,410",47,0,0,18,,0,0,0,0,0,0,11,6,"$ 42,000,000","$ 48,598,440,000","$ 72,516,000,000","$ 5,141,000,000",55,"954,900",5,83,"2,216 km","57,972 km","2,000 bbl","33,000 bbl",0 bbl,0 Cu.M,"828,214,000 Cu.M",0 Cu.M,0 Cu.M,"20,000 mt",0 Cu.M,"64,589 km",498 km,"1,370 km",300 km,102,,Europe,Northern Europe,41153912663.0,NATO
138,Bahrain,"1,566,888","846,120","720,768","17,236","18,400","110,000","1,500",137,28,0,3,40,0,0,66,34,150,"5,196",38,26,18,64,,0,0,0,0,2,2,50,0,"$ 997,015,509","$ 54,450,000,000","$ 93,937,000,000","$ 4,949,000,000",3,"913,300",4,184,0 km,"4,122 km","190,000 bbl","72,000 bbl","186,500,000 bbl","18,005,000,000 Cu.M","17,924,000,000 Cu.M","81,382,000,000 Cu.M",0 Cu.M,0 mt,0 Cu.M,760 km,161 km,0 km,0 km,75,,Asia,Western Asia,44390820479.0,
139,Estonia,"1,193,791","584,958","456,028","13,132","7,700","230,000","10,000",2,0,0,2,0,0,0,0,0,0,"2,579",48,0,6,8,,0,0,0,0,0,0,4,4,"$ 2,375,000,000","$ 29,040,000,000","$ 57,001,000,000","$ 2,075,000,000",34,"756,200",20,72,"1,441 km","89,382 km","24,000 bbl","27,000 bbl",0 bbl,0 Cu.M,"354,912,000 Cu.M",0 Cu.M,0 Cu.M,800 mt,0 Cu.M,"45,228 km","3,794 km",657 km,335 km,106,,Europe,Northern Europe,38100812959.0,NATO
140,Bhutan,"884,546","203,446","122,067","4,423","16,000","50,000",0,2,0,0,0,0,0,0,2,0,0,78,0,0,0,0,,0,0,0,0,0,0,0,0,"$ 26,600,000","$ 2,827,000,000","$ 11,517,000,000","$ 941,018,000",4,"406,500",0,0,0 km,"12,205 km",0 bbl,"4,000 bbl",0 bbl,0 Cu.M,0 Cu.M,0 Cu.M,"4,000 Cu.M","105,000 mt",0 Cu.M,"38,394 km",0 km,"1,136 km",0 km,145,,Asia,Southern Asia,2539551327.0,
141,Luxembourg,"671,254","154,388","92,633","3,356","1,200",0,0,1,0,0,1,0,0,0,0,0,0,476,0,0,0,0,,0,0,0,0,0,0,0,0,"$ 1,530,685,000","$ 5,203,000,000,000","$ 86,871,000,000","$ 2,789,000,000",3,"350,000",0,147,271 km,"2,746 km",0 bbl,"51,000 bbl",0 bbl,0 Cu.M,"594,240,000 Cu.M",0 Cu.M,0 Cu.M,"34,000 mt",0 Cu.M,"2,586 km",0 km,327 km,37 km,110,,Europe,Western Europe,82274812251.0,NATO
142,Suriname,"646,758","142,287","84,079","3,234","2,500",0,200,3,0,0,0,0,0,0,3,0,0,"1,250",0,0,0,17,,0,0,0,0,0,0,17,0,"$ 58,440,000","$ 2,645,000,000","$ 12,316,000,000","$ 1,632,000,000",55,"255,500",4,13,0 km,"4,304 km","14,000 bbl","17,000 bbl","89,000,000 bbl","7,109,000 Cu.M","6,967,000 Cu.M",0 Cu.M,0 Cu.M,0 mt,0 Cu.M,"163,820 km",386 km,"1,907 km","1,200 km",142,,Americas,Latin America and the Caribbean,3620655116.0,
143,Montenegro,"599,849","143,964","85,179","3,599","2,350",0,"5,500",10,0,0,0,0,0,0,10,0,0,946,0,12,12,20,,0,0,0,0,0,0,14,0,"$ 204,000,000","$ 3,643,000,000","$ 17,375,000,000","$ 1,741,000,000",5,"245,300",4,18,250 km,"7,762 km",0 bbl,"9,000 bbl",0 bbl,0 Cu.M,0 Cu.M,0 Cu.M,"1,862,000 Cu.M","1,658,000 mt","337,000,000 Cu.M","13,812 km",294 km,680 km,0 km,128,,Europe,Southern Europe,6095978868.0,NATO
144,Beliz,"415,789","158,000","90,226","8,732","2,000",850,0,3,0,0,1,0,1,0,1,0,0,164,0,0,0,15,,0,0,0,0,0,0,15,0,"$ 34,400,000","$ 1,235,000,000","$ 5,538,000,000","$ 498,087,000",27,"190,000",2,774,0 km,"3,281 km",800 bbl,"5,000 bbl","6,700,000 bbl",0 Cu.M,0 Cu.M,0 Cu.M,0 Cu.M,0 mt,0 Cu.M,"22,966 km",386 km,542 km,825 km,144,,,,,
145,Iceland,"364,036","83,728","50,237","1,820",0,0,0,0,0,0,0,0,0,0,0,0,0,350,0,0,0,0,,0,0,0,0,0,0,0,0,"$ 500,000,000","$ 24,200,000,000","$ 26,561,000,000","$ 6,403,000,000",82,"248,400",43,39,0 km,"12,905 km",0 bbl,"19,000 bbl",0 bbl,0 Cu.M,0 Cu.M,0 Cu.M,0 Cu.M,"137,000 mt",0 Cu.M,"100,250 km","4,970 km",0 km,0 km,134,,Europe,Northern Europe,27841648044.0,NATO
