Country,total_population,total_military_manpower,fit_for_service,population_reaching_military_age_annually,active_personnel,reserve_personnel,paramilitary,total_military_aircraft,fighter_aircraft,attack_aircraft,transport_aircraft,trainer_aircraft,special_mission_aircraft,tanker_aircraft,total_military_helicopters,attack_helicopters,tanks,armored_fighting_vehicles,self_propelled_artillery,towed_artillery,rocket_projectors,total_naval_fleet,total_naval_fleet_tonnage_mt,aircraft_carriers,helicopter_carriers,submarines,destroyers,frigates,corvettes,coastal_patrol_craft,mine_warfare_craft,defense_budget_usd,external_debt_usd,purchasing_power_parity_usd,foreign_exchange_and_gold_reserves_usd,total_serviceable_airports,labour_force,major_ports_and_terminals,total_merchant_marine_fleet,railway_coverage_km,roadway_coverage_km,oil_production_bbl,oil_consumption_bbl,proven_oil_reserves_bbl,natural_gas_production_cum,natural_gas_consumption_cum,proven_natural_gas_reserves_cum,coal_production_cum,coal_consumption_mt,proven_coal_reserves_cum,total_land_area_sq_km,coastline_coverage_km,border_coverage_km,waterway_coverage_km
China,1415043270,764123366,626864169,19810606,2035000,510000,625000,3529,1443,371,287,401,105,9,1007,281,5870,152040,2940,1400,2770,841,3192411.0,3,4,61,53,46,50,150,36,0.0,0.0,0.0,0.0,552,773880000,66,8314,0.0,0.0,0.0,0.0,0.0,0.0,0.0,0.0,0.0,0.0,0.0,0.0,0.0,0.0,0.0
India,1409128296,662290299,522786598,23955181,1431000,1000000,2527000,2183,476,124,277,334,72,6,594,79,3913,163554,100,5640,300,343,631989.0,2,0,18,13,18,21,146,0,0.0,0.0,0.0,0.0,315,607691000,56,1859,0.0,0.0,0.0,0.0,0.0,0.0,0.0,0.0,0.0,0.0,0.0,0.0,0.0,0.0,0.0
United States,341963408,150463900,124816644,4445524,1333030,799500,0,13032,1791,926,917,2610,611,610,5913,1024,4666,409660,1521,1878,1731,465,8265799.0,11,9,66,83,0,27,0,4,0.0,0.0,0.0,0.0,16116,174174000,666,3533,0.0,0.0,0.0,0.0,0.0,0.0,0.0,0.0,0.0,0.0,0.0,0.0,0.0,0.0,0.0
Indonesia,281562465,137965608,114595923,4786562,404500,401000,250000,460,41,34,73,114,15,1,212,15,331,28064,153,396,67,338,324754.0,0,0,4,0,10,26,211,10,0.0,0.0,0.0,0.0,556,143144000,123,11422,0.0,0.0,0.0,0.0,0.0,0.0,0.0,0.0,0.0,0.0,0.0,0.0,0.0,0.0,0.0
Pakistan,252363571,108516336,85803614,4794908,660000,550000,500000,1397,331,90,63,563,27,4,379,55,2677,59044,662,2629,652,120,115187.0,0,0,8,0,9,6,79,3,0.0,0.0,0.0,0.0,117,83644000,3,60,0.0,0.0,0.0,0.0,0.0,0.0,0.0,0.0,0.0,0.0,0.0,0.0,0.0,0.0,0.0
Nigeria,236747130,125475979,90437404,4261448,230000,0,50000,159,14,24,12,28,12,0,69,15,330,12219,40,339,37,152,38052.0,0,0,0,0,1,0,132,2,0.0,0.0,0.0,0.0,50,113350000,28,928,0.0,0.0,0.0,0.0,0.0,0.0,0.0,0.0,0.0,0.0,0.0,0.0,0.0,0.0,0.0
Brazil,220051512,112226271,88680759,3520824,376000,1340000,200000,495,44,30,107,124,25,0,186,0,294,22464,149,412,82,69,166419.0,0,1,6,0,8,2,22,4,0.0,0.0,0.0,0.0,5297,106790000,45,888,0.0,0.0,0.0,0.0,0.0,0.0,0.0,0.0,0.0,0.0,0.0,0.0,0.0,0.0,0.0
Bangladesh,168697184,82661620,66129296,3205246,204000,0,6800000,212,41,0,17,83,4,0,67,0,320,11584,36,487,103,121,75280.0,0,0,2,0,7,6,61,5,0.0,0.0,0.0,0.0,17,77355000,2,558,0.0,0.0,0.0,0.0,0.0,0.0,0.0,0.0,0.0,0.0,0.0,0.0,0.0,0.0,0.0
Russia,140820810,69002197,46189226,1267387,1320000,2000000,250000,4237,861,698,458,530,137,18,1643,556,5630,126512,3603,5920,2486,747,1426539.0,1,0,66,13,12,79,70,45,0.0,0.0,0.0,0.0,905,72517000,67,2910,0.0,0.0,0.0,0.0,0.0,0.0,0.0,0.0,0.0,0.0,0.0,0.0,0.0,0.0,0.0
Mexico,130739927,61447766,49811912,2222579,387000,98653,120000,424,2,32,40,175,25,0,173,0,0,23548,35,0,0,164,0.0,0,0,0,0,1,3,142,0,0.0,0.0,0.0,0.0,1580,60959000,35,674,0.0,0.0,0.0,0.0,0.0,0.0,0.0,0.0,0.0,0.0,0.0,0.0,0.0,0.0,0.0
Japan,123201945,52976836,42874277,1108818,251500,56000,25000,1429,217,47,53,399,135,10,583,118,734,54390,193,480,99,158,798062.0,0,4,23,41,8,0,6,18,0.0,0.0,0.0,0.0,280,69382000,163,5229,0.0,0.0,0.0,0.0,0.0,0.0,0.0,0.0,0.0,0.0,0.0,0.0,0.0,0.0,0.0
Ethiopia,118550298,56904143,35327989,2726657,503000,138000,0,104,25,0,9,34,0,0,33,7,338,8586,142,469,79,0,0.0,0,0,0,0,0,0,0,0,0.0,0.0,0.0,0.0,58,54470000,0,12,0.0,0.0,0.0,0.0,0.0,0.0,0.0,0.0,0.0,0.0,0.0,0.0,0.0,0.0,0.0
Philippines,118277063,50859137,41751803,2128987,160000,1500000,35000,204,0,17,23,23,11,0,130,6,18,20551,12,296,0,127,84578.0,0,0,0,0,4,1,60,0,0.0,0.0,0.0,0.0,256,50979000,70,2203,0.0,0.0,0.0,0.0,0.0,0.0,0.0,0.0,0.0,0.0,0.0,0.0,0.0,0.0,0.0
Democratic Republic of the Congo,115403027,39237029,31389623,2538867,166580,30800,10000,56,0,6,10,2,0,0,38,9,212,7164,16,125,81,16,0.0,0,0,0,0,0,0,16,0,0.0,0.0,0.0,0.0,273,38546000,3,24,0.0,0.0,0.0,0.0,0.0,0.0,0.0,0.0,0.0,0.0,0.0,0.0,0.0,0.0,0.0
Egypt,111247248,45611372,38269053,1668709,438500,479000,300000,1088,242,90,53,344,11,0,348,100,3620,54694,1056,962,648,149,235989.0,0,2,8,0,13,7,61,17,0.0,0.0,0.0,0.0,73,33749000,31,441,0.0,0.0,0.0,0.0,0.0,0.0,0.0,0.0,0.0,0.0,0.0,0.0,0.0,0.0,0.0
Vietnam,105758975,54994667,45053323,1797903,450000,5000000,250000,265,61,0,6,91,3,0,101,0,1999,69914,30,3250,774,116,102147.0,0,0,6,0,9,17,27,8,0.0,0.0,0.0,0.0,36,57133000,16,1973,0.0,0.0,0.0,0.0,0.0,0.0,0.0,0.0,0.0,0.0,0.0,0.0,0.0,0.0,0.0
Iran,88386937,49496685,41541860,1414191,610000,350000,220000,551,188,21,86,103,10,6,129,13,2675,75939,424,1803,1550,109,283516.0,0,0,25,0,7,3,21,1,0.0,0.0,0.0,0.0,177,28575000,18,965,0.0,0.0,0.0,0.0,0.0,0.0,0.0,0.0,0.0,0.0,0.0,0.0,0.0,0.0,0.0
Turkiye,84119531,42985080,36087279,1430032,481000,380000,150000,1101,201,0,84,301,27,7,509,111,2284,98193,1045,635,237,192,349739.0,0,1,14,0,17,9,40,11,0.0,0.0,0.0,0.0,116,36081000,54,1170,0.0,0.0,0.0,0.0,0.0,0.0,0.0,0.0,0.0,0.0,0.0,0.0,0.0,0.0,0.0
Germany,84119100,38694786,30955829,841191,184324,860000,0,569,127,63,55,16,27,3,292,49,296,87338,134,0,33,96,241492.0,0,0,6,0,11,6,54,12,0.0,0.0,0.0,0.0,840,43772000,35,595,0.0,0.0,0.0,0.0,0.0,0.0,0.0,0.0,0.0,0.0,0.0,0.0,0.0,0.0,0.0
Thailand,69920998,36358919,27968399,1118736,360850,200000,25000,496,73,26,52,134,25,0,258,7,744,52590,59,595,17,304,133523.0,0,1,0,0,7,5,254,5,0.0,0.0,0.0,0.0,105,40623000,21,884,0.0,0.0,0.0,0.0,0.0,0.0,0.0,0.0,0.0,0.0,0.0,0.0,0.0,0.0,0.0
United Kingdom,68459055,31491165,25192932,753050,141330,31940,0,625,103,38,30,201,29,9,262,50,288,94064,14,126,43,116,406308.0,2,0,10,6,7,0,26,8,0.0,0.0,0.0,0.0,1057,35359000,185,868,0.0,0.0,0.0,0.0,0.0,0.0,0.0,0.0,0.0,0.0,0.0,0.0,0.0,0.0,0.0
France,68374591,30084820,23794358,752121,264000,43444,150000,974,223,0,118,140,44,15,452,67,427,110784,74,0,9,166,487471.0,1,3,9,11,5,0,22,19,0.0,0.0,0.0,0.0,1218,31725000,66,553,0.0,0.0,0.0,0.0,0.0,0.0,0.0,0.0,0.0,0.0,0.0,0.0,0.0,0.0,0.0
Tanzania,67462121,12143182,6678750,607159,25000,0,6500,38,11,0,6,6,0,0,15,0,200,8408,0,205,70,12,0.0,0,0,0,0,0,0,10,0,0.0,0.0,0.0,0.0,206,32983000,8,381,0.0,0.0,0.0,0.0,0.0,0.0,0.0,0.0,0.0,0.0,0.0,0.0,0.0,0.0,0.0
Italy,60964931,27434219,22191235,548684,165500,18300,105000,714,88,65,31,152,22,8,352,37,203,87364,64,108,21,285,387892.0,2,0,8,3,14,0,15,10,0.0,0.0,0.0,0.0,655,25828000,123,1276,0.0,0.0,0.0,0.0,0.0,0.0,0.0,0.0,0.0,0.0,0.0,0.0,0.0,0.0,0.0
South Africa,60442647,27803618,14989776,1027525,68731,29350,50000,181,2,0,11,81,0,0,87,10,248,23024,52,434,201,63,43881.0,0,0,3,0,4,0,42,4,0.0,0.0,0.0,0.0,573,27766000,8,110,0.0,0.0,0.0,0.0,0.0,0.0,0.0,0.0,0.0,0.0,0.0,0.0,0.0,0.0,0.0
Kenya,58246378,21551160,14037377,931942,50000,0,25000,154,17,0,21,30,2,0,84,2,188,9114,18,53,0,27,0.0,0,0,0,0,0,0,18,0,0.0,0.0,0.0,0.0,368,23781000,4,26,0.0,0.0,0.0,0.0,0.0,0.0,0.0,0.0,0.0,0.0,0.0,0.0,0.0,0.0,0.0
Myanmar,57527139,30489384,21975367,1035489,228000,19000,55000,331,70,20,33,120,5,0,86,9,1040,11576,225,1680,1520,239,89240.0,0,0,3,0,6,3,146,2,0.0,0.0,0.0,0.0,74,22742000,7,101,0.0,0.0,0.0,0.0,0.0,0.0,0.0,0.0,0.0,0.0,0.0,0.0,0.0,0.0,0.0
South Korea,52081799,26040900,21353538,416654,450000,3100000,120000,1540,242,98,40,335,35,4,827,113,1831,117460,2780,5800,525,215,427946.0,0,2,22,14,18,3,96,14,0.0,0.0,0.0,0.0,92,29713000,15,2149,0.0,0.0,0.0,0.0,0.0,0.0,0.0,0.0,0.0,0.0,0.0,0.0,0.0,0.0,0.0
Sudan,50467278,26747657,17108407,1312149,300000,200000,17500,183,37,36,13,33,0,0,64,35,1055,8890,100,1150,800,10,0.0,0,0,0,0,0,0,10,0,0.0,0.0,0.0,0.0,45,10949000,4,14,0.0,0.0,0.0,0.0,0.0,0.0,0.0,0.0,0.0,0.0,0.0,0.0,0.0,0.0,0.0
Colombia,49588357,24298295,19190694,843002,429000,998000,150000,430,16,24,82,72,27,1,255,0,0,12780,6,110,0,213,31090.0,0,0,4,0,9,2,158,0,0.0,0.0,0.0,0.0,661,26822000,14,153,0.0,0.0,0.0,0.0,0.0,0.0,0.0,0.0,0.0,0.0,0.0,0.0,0.0,0.0,0.0
Uganda,49283041,16756234,9905891,985661,45000,0,10000,51,6,0,3,12,0,0,30,6,259,9702,6,26,12,0,0.0,0,0,0,0,0,0,0,0,0.0,0.0,0.0,0.0,39,22829000,0,0,0.0,0.0,0.0,0.0,0.0,0.0,0.0,0.0,0.0,0.0,0.0,0.0,0.0,0.0,0.0
Spain,47280433,21748999,17635602,330963,121802,24033,78470,440,136,12,51,108,8,0,169,17,298,49324,96,188,0,175,249889.0,1,0,2,0,11,0,112,6,0.0,0.0,0.0,0.0,365,24386000,52,503,0.0,0.0,0.0,0.0,0.0,0.0,0.0,0.0,0.0,0.0,0.0,0.0,0.0,0.0,0.0
Algeria,47022473,22570787,19185169,752360,130000,150000,150000,620,111,42,63,90,10,4,300,74,1485,24920,224,483,188,111,83480.0,0,0,6,0,8,8,75,3,0.0,0.0,0.0,0.0,95,13294000,17,119,0.0,0.0,0.0,0.0,0.0,0.0,0.0,0.0,0.0,0.0,0.0,0.0,0.0,0.0,0.0
Argentina,46994384,20677529,17575900,704916,108000,12370,20000,241,23,11,25,71,13,2,96,0,362,22432,20,172,27,42,122128.0,0,0,2,3,0,6,13,0,0.0,0.0,0.0,0.0,764,22286000,37,201,0.0,0.0,0.0,0.0,0.0,0.0,0.0,0.0,0.0,0.0,0.0,0.0,0.0,0.0,0.0
Iraq,42083436,17675043,14308368,715418,193000,0,100000,360,26,36,15,111,17,0,183,39,1188,37496,434,610,572,67,32565.0,0,0,0,0,0,1,55,0,0.0,0.0,0.0,0.0,73,12008000,6,74,0.0,0.0,0.0,0.0,0.0,0.0,0.0,0.0,0.0,0.0,0.0,0.0,0.0,0.0,0.0
Afghanistan,40121552,15647405,8826741,842553,75000,0,90000,5,0,0,2,0,0,0,3,0,0,3902,0,0,0,0,0.0,0,0,0,0,0,0,0,0,0.0,0.0,0.0,0.0,68,9133000,0,0,0.0,0.0,0.0,0.0,0.0,0.0,0.0,0.0,0.0,0.0,0.0,0.0,0.0,0.0,0.0
Canada,38794813,16681770,13500595,426743,63500,23000,5500,354,66,0,29,95,34,6,146,0,74,21780,0,0,0,67,119637.0,0,0,4,0,12,0,17,0,0.0,0.0,0.0,0.0,1425,22868000,284,716,0.0,0.0,0.0,0.0,0.0,0.0,0.0,0.0,0.0,0.0,0.0,0.0,0.0,0.0,0.0
Poland,38746310,18985692,15576017,464956,250000,350000,50000,457,58,12,44,112,11,0,224,29,798,57972,593,0,298,63,55530.0,0,0,1,0,2,2,3,29,0.0,0.0,0.0,0.0,318,18245000,10,152,0.0,0.0,0.0,0.0,0.0,0.0,0.0,0.0,0.0,0.0,0.0,0.0,0.0,0.0,0.0
Morocco,37387585,17946041,15254135,635589,400000,250000,50000,271,84,0,31,77,4,2,73,6,1346,17594,544,188,185,100,0.0,0,0,0,0,6,1,84,0,0.0,0.0,0.0,0.0,48,12475000,12,94,0.0,0.0,0.0,0.0,0.0,0.0,0.0,0.0,0.0,0.0,0.0,0.0,0.0,0.0,0.0
Angola,37202061,7440412,3720206,372021,107000,0,10000,278,67,6,32,56,2,0,115,14,319,2258,25,575,116,32,0.0,0,0,0,0,0,0,32,0,0.0,0.0,0.0,0.0,107,15961000,21,64,0.0,0.0,0.0,0.0,0.0,0.0,0.0,0.0,0.0,0.0,0.0,0.0,0.0,0.0,0.0
Saudi Arabia,36544431,19003104,17468238,621255,247000,0,150000,917,283,81,49,202,16,22,264,34,1085,22370,380,557,327,32,49727.0,0,0,0,0,7,9,9,3,0.0,0.0,0.0,0.0,90,17168000,16,433,0.0,0.0,0.0,0.0,0.0,0.0,0.0,0.0,0.0,0.0,0.0,0.0,0.0,0.0,0.0
Uzbekistan,36520593,18990708,15959499,730412,120000,0,20000,159,26,13,12,7,0,0,101,34,470,8692,177,236,108,0,0.0,0,0,0,0,0,0,0,0,0.0,0.0,0.0,0.0,74,13974000,0,0,0.0,0.0,0.0,0.0,0.0,0.0,0.0,0.0,0.0,0.0,0.0,0.0,0.0,0.0,0.0
Ukraine,35661826,18187531,12731272,392280,900000,4000000,100000,347,88,30,22,72,5,0,140,39,1121,45458,682,625,288,169,22266.0,0,0,0,0,0,0,133,5,0.0,0.0,0.0,0.0,152,20539000,26,410,0.0,0.0,0.0,0.0,0.0,0.0,0.0,0.0,0.0,0.0,0.0,0.0,0.0,0.0,0.0
Ghana,34589092,14873310,9961658,622604,15500,0,0,18,0,0,2,5,2,0,9,0,0,3648,0,6,6,20,0.0,0,0,0,0,0,0,20,0,0.0,0.0,0.0,0.0,11,13927000,4,52,0.0,0.0,0.0,0.0,0.0,0.0,0.0,0.0,0.0,0.0,0.0,0.0,0.0,0.0,0.0
Malaysia,34564810,16245461,13480276,553037,113000,51600,100000,132,25,11,15,31,6,4,45,0,48,15415,0,196,36,100,67735.0,0,0,2,0,2,4,72,4,0.0,0.0,0.0,0.0,100,18264000,35,1750,0.0,0.0,0.0,0.0,0.0,0.0,0.0,0.0,0.0,0.0,0.0,0.0,0.0,0.0,0.0
Mozambique,33350954,14674420,7770772,533615,11200,0,3000,23,8,2,5,1,0,0,7,2,60,3488,0,104,12,36,0.0,0,0,0,0,0,0,36,0,0.0,0.0,0.0,0.0,92,15173000,11,36,0.0,0.0,0.0,0.0,0.0,0.0,0.0,0.0,0.0,0.0,0.0,0.0,0.0,0.0,0.0
Peru,32600249,15648120,12681497,619405,120000,386000,60000,252,15,22,39,68,12,0,112,16,355,9168,12,290,61,78,171629.0,0,0,6,0,7,8,13,0,0.0,0.0,0.0,0.0,174,18918000,20,111,0.0,0.0,0.0,0.0,0.0,0.0,0.0,0.0,0.0,0.0,0.0,0.0,0.0,0.0,0.0
Yemen,32140443,12213368,9031464,610668,33350,0,20000,160,68,0,3,30,0,0,59,14,0,1550,12,60,30,26,0.0,0,0,0,0,0,1,9,0,0.0,0.0,0.0,0.0,37,7848000,10,30,0.0,0.0,0.0,0.0,0.0,0.0,0.0,0.0,0.0,0.0,0.0,0.0,0.0,0.0,0.0
Venezuela,31250306,15625153,12812625,625006,109000,8000,220000,224,30,0,47,75,3,1,85,10,282,15168,60,92,56,41,0.0,0,0,3,0,1,0,26,0,0.0,0.0,0.0,0.0,509,11136000,31,272,0.0,0.0,0.0,0.0,0.0,0.0,0.0,0.0,0.0,0.0,0.0,0.0,0.0,0.0,0.0
Nepal,31122387,15249970,11733140,778060,98500,82000,15000,17,0,0,7,0,0,0,10,0,0,1108,0,14,0,0,0.0,0,0,0,0,0,0,0,0,0.0,0.0,0.0,0.0,51,8435000,0,0,0.0,0.0,0.0,0.0,0.0,0.0,0.0,0.0,0.0,0.0,0.0,0.0,0.0,0.0,0.0
Cameroon,30966105,10528476,6224187,495458,38000,0,9000,35,0,0,6,6,2,0,21,0,0,860,18,52,20,19,0.0,0,0,0,0,0,0,19,0,0.0,0.0,0.0,0.0,37,11119000,7,198,0.0,0.0,0.0,0.0,0.0,0.0,0.0,0.0,0.0,0.0,0.0,0.0,0.0,0.0,0.0
Ivory Coast,29981758,12292521,7855221,569653,22000,0,5500,22,0,0,3,2,3,0,14,5,0,1328,0,4,6,8,0.0,0,0,0,0,0,0,7,0,0.0,0.0,0.0,0.0,29,12595000,5,25,0.0,0.0,0.0,0.0,0.0,0.0,0.0,0.0,0.0,0.0,0.0,0.0,0.0,0.0,0.0
Madagascar,29452714,11192031,7952233,559602,13500,0,8100,6,0,0,1,0,0,0,5,0,12,316,0,17,0,7,0.0,0,0,0,0,0,0,5,0,0.0,0.0,0.0,0.0,93,16519000,13,29,0.0,0.0,0.0,0.0,0.0,0.0,0.0,0.0,0.0,0.0,0.0,0.0,0.0,0.0,0.0
Australia,26768598,11242811,9208398,294455,58910,33270,0,348,24,71,37,107,31,6,72,22,46,17118,0,48,8,45,199898.0,0,2,6,3,7,0,13,3,0.0,0.0,0.0,0.0,2257,14912000,66,604,0.0,0.0,0.0,0.0,0.0,0.0,0.0,0.0,0.0,0.0,0.0,0.0,0.0,0.0,0.0
Niger,26342784,7902835,5294900,447827,25000,0,5000,26,0,2,7,0,2,0,13,2,0,1550,0,0,0,0,0.0,0,0,0,0,0,0,0,0,0.0,0.0,0.0,0.0,26,10486000,0,0,0.0,0.0,0.0,0.0,0.0,0.0,0.0,0.0,0.0,0.0,0.0,0.0,0.0,0.0,0.0
North Korea,26298666,9467520,5312331,420779,1320000,560000,100000,837,341,114,1,176,0,0,205,20,4895,47792,1300,700,1500,332,143304.0,0,0,24,2,2,8,227,1,0.0,0.0,0.0,0.0,81,17637000,10,264,0.0,0.0,0.0,0.0,0.0,0.0,0.0,0.0,0.0,0.0,0.0,0.0,0.0,0.0,0.0
Syria,23865423,15273871,13245310,668232,100000,0,50000,104,52,5,2,8,0,0,39,7,168,18736,60,0,0,12,0.0,0,0,0,0,0,0,8,0,0.0,0.0,0.0,0.0,42,6617000,3,24,0.0,0.0,0.0,0.0,0.0,0.0,0.0,0.0,0.0,0.0,0.0,0.0,0.0,0.0,0.0
Taiwan,23595274,12269542,1061787,306739,230000,1657000,55000,720,258,0,19,215,18,0,239,91,1090,24067,488,1360,223,91,244050.0,0,0,4,4,21,7,36,10,0.0,0.0,0.0,0.0,57,11842940,8,465,0.0,0.0,0.0,0.0,0.0,0.0,0.0,0.0,0.0,0.0,0.0,0.0,0.0,0.0,0.0
Burkina Faso,23042199,8525614,6060098,368675,7500,0,4500,26,0,3,2,0,2,0,19,5,0,876,0,8,9,0,0.0,0,0,0,0,0,0,0,0,0.0,0.0,0.0,0.0,49,6461000,0,0,0.0,0.0,0.0,0.0,0.0,0.0,0.0,0.0,0.0,0.0,0.0,0.0,0.0,0.0,0.0
Mali,21990607,6817088,4288168,351850,40000,0,4800,44,9,12,8,4,1,0,10,8,0,3717,0,50,30,0,0.0,0,0,0,0,0,0,0,0,0.0,0.0,0.0,0.0,30,9126000,0,0,0.0,0.0,0.0,0.0,0.0,0.0,0.0,0.0,0.0,0.0,0.0,0.0,0.0,0.0,0.0
Sri Lanka,21982608,10551652,8551235,307757,346000,90000,0,90,6,0,15,7,3,0,49,8,87,15021,0,96,28,275,32636.0,0,0,0,0,5,0,259,0,0.0,0.0,0.0,0.0,18,8499000,6,96,0.0,0.0,0.0,0.0,0.0,0.0,0.0,0.0,0.0,0.0,0.0,0.0,0.0,0.0,0.0
Zambia,20799116,7279691,4139024,374384,15150,0,1200,78,0,0,13,34,0,0,33,0,75,848,12,60,50,0,0.0,0,0,0,0,0,0,0,0,0.0,0.0,0.0,0.0,120,7407000,0,2,0.0,0.0,0.0,0.0,0.0,0.0,0.0,0.0,0.0,0.0,0.0,0.0,0.0,0.0,0.0
Kazakhstan,20260006,9117003,6928922,283640,110000,135000,55000,168,37,13,21,25,0,0,72,12,353,17460,126,194,287,26,0.0,0,0,0,0,0,0,23,2,0.0,0.0,0.0,0.0,132,10285000,0,122,0.0,0.0,0.0,0.0,0.0,0.0,0.0,0.0,0.0,0.0,0.0,0.0,0.0,0.0,0.0
Chad,19093595,6873694,3856906,381872,37750,0,5000,40,0,7,7,8,2,0,16,3,90,4345,10,13,16,0,0.0,0,0,0,0,0,0,0,0,0.0,0.0,0.0,0.0,44,6600000,0,0,0.0,0.0,0.0,0.0,0.0,0.0,0.0,0.0,0.0,0.0,0.0,0.0,0.0,0.0,0.0
Senegal,18847519,7162057,4089912,395798,17000,0,0,39,0,0,5,22,1,0,19,5,0,1860,0,20,6,4,0.0,0,0,0,0,0,0,4,0,0.0,0.0,0.0,0.0,20,5763000,6,36,0.0,0.0,0.0,0.0,0.0,0.0,0.0,0.0,0.0,0.0,0.0,0.0,0.0,0.0,0.0
Chile,18664652,8959033,7521855,298634,80000,40000,50000,274,45,0,33,92,18,5,86,0,386,7480,48,249,9,130,176065.0,0,0,4,0,8,0,40,0,0.0,0.0,0.0,0.0,379,10088000,39,249,0.0,0.0,0.0,0.0,0.0,0.0,0.0,0.0,0.0,0.0,0.0,0.0,0.0,0.0,0.0
Ecuador,18309984,8422593,6738074,329580,41250,118000,1500,99,0,0,20,34,8,0,43,0,202,5322,5,106,24,30,0.0,0,0,2,0,2,6,5,0,0.0,0.0,0.0,0.0,317,8821000,6,154,0.0,0.0,0.0,0.0,0.0,0.0,0.0,0.0,0.0,0.0,0.0,0.0,0.0,0.0,0.0
Guatemala,18255216,7484639,6279794,182552,106114,90000,35000,35,0,3,10,0,2,0,20,0,0,3268,0,110,0,25,0.0,0,0,0,0,0,0,20,0,0.0,0.0,0.0,0.0,58,7575000,3,9,0.0,0.0,0.0,0.0,0.0,0.0,0.0,0.0,0.0,0.0,0.0,0.0,0.0,0.0,0.0
Romania,18148155,9437041,7731114,199630,90000,55000,15000,148,29,0,13,44,2,0,66,0,451,13266,0,720,243,18,0.0,0,0,0,0,3,7,0,7,0.0,0.0,0.0,0.0,103,8263000,11,127,0.0,0.0,0.0,0.0,0.0,0.0,0.0,0.0,0.0,0.0,0.0,0.0,0.0,0.0,0.0
Netherlands,17772378,7997570,6486918,195496,44245,8510,5000,130,0,38,4,21,0,0,67,16,18,6689,46,0,4,140,147606.0,0,0,3,0,6,0,76,3,0.0,0.0,0.0,0.0,44,10315000,18,1187,0.0,0.0,0.0,0.0,0.0,0.0,0.0,0.0,0.0,0.0,0.0,0.0,0.0,0.0,0.0
Zimbabwe,17150352,6517134,3721626,360157,29000,0,21800,80,9,9,14,20,0,0,28,6,60,1248,0,0,0,0,0.0,0,0,0,0,0,0,0,0,0.0,0.0,0.0,0.0,144,6386000,0,0,0.0,0.0,0.0,0.0,0.0,0.0,0.0,0.0,0.0,0.0,0.0,0.0,0.0,0.0,0.0
Cambodia,17063669,8190561,5733393,307146,124300,0,10000,24,0,0,4,0,0,0,20,0,520,5439,30,525,521,20,0.0,0,0,0,0,0,0,20,0,0.0,0.0,0.0,0.0,12,9904000,2,195,0.0,0.0,0.0,0.0,0.0,0.0,0.0,0.0,0.0,0.0,0.0,0.0,0.0,0.0,0.0
Benin,14697052,5584880,3189260,308638,4750,0,0,7,0,0,1,0,1,0,5,0,0,92,0,16,0,2,0.0,0,0,0,0,0,0,2,0,0.0,0.0,0.0,0.0,10,6397000,1,6,0.0,0.0,0.0,0.0,0.0,0.0,0.0,0.0,0.0,0.0,0.0,0.0,0.0,0.0,0.0
Somalia,13017273,2993973,1796384,130173,30000,0,2000,6,0,0,0,0,0,0,6,0,0,1104,0,0,0,19,0.0,0,0,0,0,0,0,19,0,0.0,0.0,0.0,0.0,40,3439000,6,4,0.0,0.0,0.0,0.0,0.0,0.0,0.0,0.0,0.0,0.0,0.0,0.0,0.0,0.0,0.0
South Sudan,12703714,6351857,4065188,330297,185000,0,0,19,0,0,4,0,0,0,15,6,122,2550,24,0,15,0,0.0,0,0,0,0,0,0,0,0,0.0,0.0,0.0,0.0,89,5091000,0,0,0.0,0.0,0.0,0.0,0.0,0.0,0.0,0.0,0.0,0.0,0.0,0.0,0.0,0.0,0.0
Bolivia,12311974,5417269,4112199,233928,40000,40000,0,67,0,0,15,20,2,0,29,0,54,764,0,58,0,67,0.0,0,0,0,0,0,0,50,0,0.0,0.0,0.0,0.0,201,6859000,0,50,0.0,0.0,0.0,0.0,0.0,0.0,0.0,0.0,0.0,0.0,0.0,0.0,0.0,0.0,0.0
Tunisia,12048847,6024424,5181004,204830,89800,0,12000,155,10,0,12,28,4,0,101,0,145,13927,0,105,0,37,0.0,0,0,0,0,1,1,30,0,0.0,0.0,0.0,0.0,14,4247000,16,72,0.0,0.0,0.0,0.0,0.0,0.0,0.0,0.0,0.0,0.0,0.0,0.0,0.0,0.0,0.0
Belgium,11977634,4910830,3880753,119776,26390,6600,0,104,44,12,7,27,0,0,14,0,0,3588,0,0,0,9,10190.0,0,0,0,0,2,0,2,5,0.0,0.0,0.0,0.0,48,5416000,7,198,0.0,0.0,0.0,0.0,0.0,0.0,0.0,0.0,0.0,0.0,0.0,0.0,0.0,0.0,0.0
Jordan,11174024,3463947,2983464,145262,114500,100000,35000,279,44,10,12,66,11,0,159,44,1508,25278,478,80,84,27,0.0,0,0,0,0,0,0,27,0,0.0,0.0,0.0,0.0,18,3080000,1,34,0.0,0.0,0.0,0.0,0.0,0.0,0.0,0.0,0.0,0.0,0.0,0.0,0.0,0.0,0.0
Cuba,10966038,5921661,4737328,142558,50000,40000,1145000,20,11,0,4,3,0,0,13,4,194,7792,140,364,200,19,0.0,0,0,0,0,1,1,6,4,0.0,0.0,0.0,0.0,120,489000,34,65,0.0,0.0,0.0,0.0,0.0,0.0,0.0,0.0,0.0,0.0,0.0,0.0,0.0,0.0,0.0
Czechia,10837890,5093808,4129236,97541,30334,4900,0,103,12,16,10,21,2,0,42,4,20,6275,53,0,16,0,0.0,0,0,0,0,0,0,0,0,0.0,0.0,0.0,0.0,252,5541000,0,0,0.0,0.0,0.0,0.0,0.0,0.0,0.0,0.0,0.0,0.0,0.0,0.0,0.0,0.0,0.0
Dominican Republic,10815857,4975294,4034315,97343,89000,189000,30000,80,0,8,11,17,1,0,49,0,6,930,0,14,0,34,0.0,0,0,0,0,0,0,14,0,0.0,0.0,0.0,0.0,32,5413000,17,40,0.0,0.0,0.0,0.0,0.0,0.0,0.0,0.0,0.0,0.0,0.0,0.0,0.0,0.0,0.0
Azerbaijan,10650239,5218617,3908638,159754,128000,306000,15000,159,12,20,4,36,0,0,87,16,1354,14448,135,651,696,32,0.0,0,0,4,0,0,0,17,4,0.0,0.0,0.0,0.0,32,5020000,0,312,0.0,0.0,0.0,0.0,0.0,0.0,0.0,0.0,0.0,0.0,0.0,0.0,0.0,0.0,0.0
Portugal,10639726,5319863,4096295,127677,25000,23500,23300,128,28,5,20,23,16,4,36,0,34,10419,23,54,0,128,42755.0,0,0,2,0,5,2,71,0,0.0,0.0,0.0,0.0,136,5332100,36,1158,0.0,0.0,0.0,0.0,0.0,0.0,0.0,0.0,0.0,0.0,0.0,0.0,0.0,0.0,0.0
Sweden,10589835,4235934,3558185,105898,25600,34000,104400,172,73,0,6,36,3,1,53,0,110,27576,24,0,0,279,39816.0,0,0,4,0,0,7,116,8,0.0,0.0,0.0,0.0,206,5699000,92,361,0.0,0.0,0.0,0.0,0.0,0.0,0.0,0.0,0.0,0.0,0.0,0.0,0.0,0.0,0.0
Greece,10461091,4916713,3985676,104611,142700,221350,55000,560,178,0,17,86,8,0,285,28,1344,56416,589,698,152,186,215808.0,0,0,9,0,14,0,45,3,0.0,0.0,0.0,0.0,82,4655000,57,1215,0.0,0.0,0.0,0.0,0.0,0.0,0.0,0.0,0.0,0.0,0.0,0.0,0.0,0.0,0.0
Tajikistan,10394063,4781269,3773045,176699,150000,600000,20000,25,0,0,1,4,0,0,20,6,38,6782,3,13,24,0,0.0,0,0,0,0,0,0,0,0,0.0,0.0,0.0,0.0,19,2780000,0,0,0.0,0.0,0.0,0.0,0.0,0.0,0.0,0.0,0.0,0.0,0.0,0.0,0.0,0.0,0.0
United Arab Emirates,10032213,5818684,4945881,80258,65000,130000,12000,581,99,40,35,151,27,5,250,30,354,8982,165,99,49,84,20210.0,0,0,0,0,0,11,34,2,0.0,0.0,0.0,0.0,42,7090000,20,655,0.0,0.0,0.0,0.0,0.0,0.0,0.0,0.0,0.0,0.0,0.0,0.0,0.0,0.0,0.0
Hungary,9855745,4632200,3794462,118269,41600,20000,15000,80,12,0,3,17,0,0,50,8,220,11502,24,295,0,0,0.0,0,0,0,0,0,0,0,0,0.0,0.0,0.0,0.0,109,4954000,0,1,0.0,0.0,0.0,0.0,0.0,0.0,0.0,0.0,0.0,0.0,0.0,0.0,0.0,0.0,0.0
Honduras,9529188,4192843,3144632,95292,52225,0,23000,45,6,7,10,10,1,0,11,0,22,4666,0,48,0,98,0.0,0,0,0,0,0,0,93,0,0.0,0.0,0.0,0.0,129,4296000,8,489,0.0,0.0,0.0,0.0,0.0,0.0,0.0,0.0,0.0,0.0,0.0,0.0,0.0,0.0,0.0
Belarus,9501451,5035769,3724569,104516,63000,365400,55000,194,43,50,4,27,0,0,70,31,577,6820,357,190,206,0,0.0,0,0,0,0,0,0,0,0,0.0,0.0,0.0,0.0,46,4817000,0,4,0.0,0.0,0.0,0.0,0.0,0.0,0.0,0.0,0.0,0.0,0.0,0.0,0.0,0.0,0.0
Israel,9402617,3949099,3281513,131637,169500,465000,35000,597,239,45,14,148,19,13,127,48,1300,62380,323,171,228,82,40638.0,0,0,6,0,0,7,66,0,0.0,0.0,0.0,0.0,40,4710000,5,41,0.0,0.0,0.0,0.0,0.0,0.0,0.0,0.0,0.0,0.0,0.0,0.0,0.0,0.0,0.0
Sierra Leone,9121049,2006631,1203978,45605,13000,0,0,1,0,0,0,0,0,0,1,0,0,350,0,0,0,10,0.0,0,0,0,0,0,0,10,0,0.0,0.0,0.0,0.0,8,2863000,3,584,0.0,0.0,0.0,0.0,0.0,0.0,0.0,0.0,0.0,0.0,0.0,0.0,0.0,0.0,0.0
Austria,8967982,4035592,3632033,98648,25000,125600,0,90,15,0,11,23,0,0,41,0,56,5160,30,0,0,0,0.0,0,0,0,0,0,0,0,0,0.0,0.0,0.0,0.0,62,4768000,0,1,0.0,0.0,0.0,0.0,0.0,0.0,0.0,0.0,0.0,0.0,0.0,0.0,0.0,0.0,0.0
Switzerland,8860574,3898653,3163225,97466,147178,0,5000,141,40,0,16,43,3,0,39,0,134,6885,133,0,0,0,0.0,0,0,0,0,0,0,0,0,0.0,0.0,0.0,0.0,66,5153000,0,17,0.0,0.0,0.0,0.0,0.0,0.0,0.0,0.0,0.0,0.0,0.0,0.0,0.0,0.0,0.0
Laos,7953556,3499565,2521277,159071,100000,30000,120000,29,0,0,2,7,0,0,20,0,160,7725,50,97,64,51,0.0,0,0,0,0,0,0,47,0,0.0,0.0,0.0,0.0,20,3585000,0,1,0.0,0.0,0.0,0.0,0.0,0.0,0.0,0.0,0.0,0.0,0.0,0.0,0.0,0.0,0.0
Paraguay,7522549,3535598,3001497,150451,15650,168500,14800,49,0,4,12,14,1,0,18,0,10,2876,6,50,0,73,0.0,0,0,0,0,0,0,64,0,0.0,0.0,0.0,0.0,83,3502000,1,108,0.0,0.0,0.0,0.0,0.0,0.0,0.0,0.0,0.0,0.0,0.0,0.0,0.0,0.0,0.0
Libya,7361263,3827857,3290485,125141,32000,0,100000,83,10,1,12,35,0,0,22,4,55,2728,20,38,25,5,0.0,0,0,0,0,1,0,2,0,0.0,0.0,0.0,0.0,75,2585000,14,96,0.0,0.0,0.0,0.0,0.0,0.0,0.0,0.0,0.0,0.0,0.0,0.0,0.0,0.0,0.0
Bulgaria,6782659,3187850,2611324,61044,36950,3000,0,71,11,5,6,26,0,0,23,4,334,6724,48,24,24,45,0.0,0,0,0,0,6,3,0,17,0.0,0.0,0.0,0.0,107,3124000,2,78,0.0,0.0,0.0,0.0,0.0,0.0,0.0,0.0,0.0,0.0,0.0,0.0,0.0,0.0,0.0
Nicaragua,6676948,3271705,2777610,146893,45000,0,5500,17,0,0,5,1,0,0,12,0,186,6344,0,347,151,23,0.0,0,0,0,0,0,0,23,0,0.0,0.0,0.0,0.0,39,3225000,5,5,0.0,0.0,0.0,0.0,0.0,0.0,0.0,0.0,0.0,0.0,0.0,0.0,0.0,0.0,0.0
Serbia,6652212,3259584,2574406,79827,22500,2000,600000,115,11,17,3,33,0,0,51,4,242,7190,96,150,73,30,0.0,0,0,0,0,0,0,18,4,0.0,0.0,0.0,0.0,46,3230000,0,0,0.0,0.0,0.0,0.0,0.0,0.0,0.0,0.0,0.0,0.0,0.0,0.0,0.0,0.0,0.0
El Salvador,6628702,3181777,2512278,145831,25000,0,15000,51,0,15,3,10,0,0,28,0,0,2144,0,76,0,13,0.0,0,0,0,0,0,0,8,0,0.0,0.0,0.0,0.0,27,2890000,3,5,0.0,0.0,0.0,0.0,0.0,0.0,0.0,0.0,0.0,0.0,0.0,0.0,0.0,0.0,0.0
Eritrea,6343956,2220385,1598677,76127,350000,680000,0,20,1,0,5,1,0,0,13,6,148,1040,45,89,44,23,0.0,0,0,0,0,0,0,18,0,0.0,0.0,0.0,0.0,11,1710000,2,9,0.0,0.0,0.0,0.0,0.0,0.0,0.0,0.0,0.0,0.0,0.0,0.0,0.0,0.0,0.0
Kyrgyzstan,6172101,3147772,2487357,117270,23000,0,55000,7,0,0,0,0,0,0,7,2,215,5372,30,174,21,0,0.0,0,0,0,0,0,0,0,0,0.0,0.0,0.0,0.0,28,3197000,0,0,0.0,0.0,0.0,0.0,0.0,0.0,0.0,0.0,0.0,0.0,0.0,0.0,0.0,0.0,0.0
Republic of the Congo,6097665,2256136,1353682,115856,10000,0,2500,14,2,0,4,0,0,0,8,1,61,804,3,38,30,4,0.0,0,0,0,0,0,0,0,0,0.0,0.0,0.0,0.0,56,2563000,5,11,0.0,0.0,0.0,0.0,0.0,0.0,0.0,0.0,0.0,0.0,0.0,0.0,0.0,0.0,0.0
Singapore,6028459,3918498,2628408,66313,51000,252500,12000,235,100,0,9,36,9,11,75,20,170,17244,48,89,24,101,93244.0,0,0,6,0,6,6,55,4,0.0,0.0,0.0,0.0,9,3722000,5,3202,0.0,0.0,0.0,0.0,0.0,0.0,0.0,0.0,0.0,0.0,0.0,0.0,0.0,0.0,0.0
Denmark,5973136,2628180,2126436,77651,21000,12000,51000,122,26,19,4,36,3,0,34,0,44,5930,19,0,8,50,121180.0,0,0,0,0,9,0,9,6,0.0,0.0,0.0,0.0,102,3210000,69,715,0.0,0.0,0.0,0.0,0.0,0.0,0.0,0.0,0.0,0.0,0.0,0.0,0.0,0.0,0.0
Turkmenistan,5744151,2768681,2245963,109139,36500,0,3500,91,22,27,5,11,0,0,26,10,654,11588,73,457,164,16,0.0,0,0,0,0,0,0,16,0,0.0,0.0,0.0,0.0,23,2445000,0,73,0.0,0.0,0.0,0.0,0.0,0.0,0.0,0.0,0.0,0.0,0.0,0.0,0.0,0.0,0.0
Central African Republic,5650957,2203873,1254512,101717,30000,0,1000,8,0,8,0,0,0,0,0,0,0,270,0,0,0,0,0.0,0,0,0,0,0,0,0,0,0.0,0.0,0.0,0.0,43,2000000,0,0,0.0,0.0,0.0,0.0,0.0,0.0,0.0,0.0,0.0,0.0,0.0,0.0,0.0,0.0,0.0
Finland,5626414,2306830,1912981,56264,24000,870000,53800,162,53,0,11,77,1,0,27,0,200,14866,125,667,76,165,19434.0,0,0,0,0,0,0,8,18,0.0,0.0,0.0,0.0,98,2898000,37,282,0.0,0.0,0.0,0.0,0.0,0.0,0.0,0.0,0.0,0.0,0.0,0.0,0.0,0.0,0.0
Slovakia,5563649,2837461,2353424,61200,20982,0,0,48,7,0,7,11,1,0,22,0,45,6636,35,9,25,0,0.0,0,0,0,0,0,0,0,0,0.0,0.0,0.0,0.0,116,2779000,0,0,0.0,0.0,0.0,0.0,0.0,0.0,0.0,0.0,0.0,0.0,0.0,0.0,0.0,0.0,0.0
Norway,5509733,2203893,1807192,71627,33440,20100,40500,109,0,43,4,23,5,0,34,0,36,11441,28,0,0,48,66022.0,0,0,6,0,4,6,20,5,0.0,0.0,0.0,0.0,146,3042000,141,1720,0.0,0.0,0.0,0.0,0.0,0.0,0.0,0.0,0.0,0.0,0.0,0.0,0.0,0.0,0.0
Liberia,5437249,2392390,1913912,65247,2100,0,5500,0,0,0,0,0,0,0,0,0,0,550,0,0,0,6,0.0,0,0,0,0,0,0,6,0,0.0,0.0,0.0,0.0,19,2607000,4,4821,0.0,0.0,0.0,0.0,0.0,0.0,0.0,0.0,0.0,0.0,0.0,0.0,0.0,0.0,0.0
Lebanon,5364482,2092148,1775644,69738,80000,15000,65000,80,0,9,0,9,0,0,68,0,334,6912,12,350,11,48,0.0,0,0,0,0,0,0,42,0,0.0,0.0,0.0,0.0,8,1939000,5,51,0.0,0.0,0.0,0.0,0.0,0.0,0.0,0.0,0.0,0.0,0.0,0.0,0.0,0.0,0.0
Ireland,5233461,2407392,1999182,57568,7557,1720,0,23,0,0,5,8,2,0,8,0,0,3296,0,0,0,8,0.0,0,0,0,0,0,0,8,0,0.0,0.0,0.0,0.0,100,2857000,21,94,0.0,0.0,0.0,0.0,0.0,0.0,0.0,0.0,0.0,0.0,0.0,0.0,0.0,0.0,0.0
New Zealand,5161211,2219321,1775457,61935,10050,3300,300,47,0,0,7,13,6,0,21,0,0,3378,0,31,0,8,0.0,0,0,0,0,2,0,4,0,0.0,0.0,0.0,0.0,206,3124000,22,117,0.0,0.0,0.0,0.0,0.0,0.0,0.0,0.0,0.0,0.0,0.0,0.0,0.0,0.0,0.0
Georgia,4900961,2744538,2225036,93118,37000,205500,0,61,0,5,2,10,0,0,44,11,132,5974,67,121,42,19,0.0,0,0,0,0,0,0,31,4,0.0,0.0,0.0,0.0,21,1833000,3,26,0.0,0.0,0.0,0.0,0.0,0.0,0.0,0.0,0.0,0.0,0.0,0.0,0.0,0.0,0.0
Panama,4470241,2011608,1206965,53643,16300,0,80000,38,0,0,13,0,2,0,23,0,0,1550,0,0,0,22,0.0,0,0,0,0,0,0,14,0,0.0,0.0,0.0,0.0,77,2206000,12,8174,0.0,0.0,0.0,0.0,0.0,0.0,0.0,0.0,0.0,0.0,0.0,0.0,0.0,0.0,0.0
Mauritania,4328040,1687936,1181555,82233,31540,66000,5000,23,0,4,7,6,2,0,4,0,51,5024,0,75,0,6,0.0,0,0,0,0,0,0,6,0,0.0,0.0,0.0,0.0,25,1210000,2,11,0.0,0.0,0.0,0.0,0.0,0.0,0.0,0.0,0.0,0.0,0.0,0.0,0.0,0.0,0.0
Croatia,4150116,2033557,1564594,53952,14325,20100,2000,67,12,0,0,26,0,0,37,0,55,4874,25,42,42,30,0.0,0,0,0,0,0,0,11,1,0.0,0.0,0.0,0.0,45,1733000,16,384,0.0,0.0,0.0,0.0,0.0,0.0,0.0,0.0,0.0,0.0,0.0,0.0,0.0,0.0,0.0
Oman,3901992,1482757,1291559,50726,100000,0,10000,128,29,10,9,45,4,0,31,0,264,11380,24,144,0,17,22490.0,0,0,0,0,0,5,8,0,0.0,0.0,0.0,0.0,37,2696000,7,57,0.0,0.0,0.0,0.0,0.0,0.0,0.0,0.0,0.0,0.0,0.0,0.0,0.0,0.0,0.0
Bosnia and Herzegovina,3798671,2355176,1956316,49383,18000,8000,0,15,0,0,0,0,0,0,15,0,45,892,0,300,24,0,0.0,0,0,0,0,0,0,0,0,0.0,0.0,0.0,0.0,20,1356000,1,0,0.0,0.0,0.0,0.0,0.0,0.0,0.0,0.0,0.0,0.0,0.0,0.0,0.0,0.0,0.0
Moldova,3599528,2159717,1792565,71991,6500,2000,2000,3,0,0,1,0,0,0,2,0,0,1598,4,67,11,0,0.0,0,0,0,0,0,0,0,0,0.0,0.0,0.0,0.0,10,1358000,0,75,0.0,0.0,0.0,0.0,0.0,0.0,0.0,0.0,0.0,0.0,0.0,0.0,0.0,0.0,0.0
Uruguay,3425330,1575652,1322177,54805,24000,0,5000,43,0,6,6,12,5,2,12,0,62,5968,16,83,4,16,0.0,0,0,0,0,0,0,5,2,0.0,0.0,0.0,0.0,65,1768000,8,58,0.0,0.0,0.0,0.0,0.0,0.0,0.0,0.0,0.0,0.0,0.0,0.0,0.0,0.0,0.0
Mongolia,3281676,1870555,1552233,62352,35000,230000,50000,8,0,0,3,2,0,0,3,0,420,11040,0,500,130,0,0.0,0,0,0,0,0,0,0,0,0.0,0.0,0.0,0.0,37,1449000,0,318,0.0,0.0,0.0,0.0,0.0,0.0,0.0,0.0,0.0,0.0,0.0,0.0,0.0,0.0,0.0
Kuwait,3138355,1726095,1449920,37660,78000,24000,7500,133,47,0,2,13,0,3,68,16,367,7472,51,0,27,123,0.0,0,0,0,0,0,0,106,0,0.0,0.0,0.0,0.0,6,3003000,6,176,0.0,0.0,0.0,0.0,0.0,0.0,0.0,0.0,0.0,0.0,0.0,0.0,0.0,0.0,0.0
Albania,3107100,1522479,1292554,62142,7500,0,500,20,0,0,1,0,0,0,19,0,0,1492,10,0,270,33,0.0,0,0,0,0,0,0,33,0,0.0,0.0,0.0,0.0,3,1370000,3,69,0.0,0.0,0.0,0.0,0.0,0.0,0.0,0.0,0.0,0.0,0.0,0.0,0.0,0.0,0.0
Armenia,2976765,1666988,1366335,44651,65000,210000,5000,69,4,14,3,12,0,0,36,20,109,1412,104,193,100,0,0.0,0,0,0,0,0,0,0,0,0.0,0.0,0.0,0.0,11,1510000,0,0,0.0,0.0,0.0,0.0,0.0,0.0,0.0,0.0,0.0,0.0,0.0,0.0,0.0,0.0,0.0
Namibia,2803660,616805,400923,30840,17567,0,5000,36,11,0,5,13,0,0,7,2,7,2402,0,50,55,15,0.0,0,0,0,0,0,2,15,0,0.0,0.0,0.0,0.0,259,1131000,2,15,0.0,0.0,0.0,0.0,0.0,0.0,0.0,0.0,0.0,0.0,0.0,0.0,0.0,0.0,0.0
Lithuania,2628186,1708321,1332490,36795,23000,104000,14150,9,0,0,5,0,0,0,4,0,0,4553,16,54,0,13,0.0,0,0,0,0,0,0,5,4,0.0,0.0,0.0,0.0,64,1548000,2,59,0.0,0.0,0.0,0.0,0.0,0.0,0.0,0.0,0.0,0.0,0.0,0.0,0.0,0.0,0.0
Qatar,2552088,638022,490001,12760,26550,4000,5500,263,115,6,12,45,0,0,85,24,62,5576,46,12,16,125,0.0,0,0,0,0,0,4,107,0,0.0,0.0,0.0,0.0,8,2123000,6,123,0.0,0.0,0.0,0.0,0.0,0.0,0.0,0.0,0.0,0.0,0.0,0.0,0.0,0.0,0.0
Gabon,2455105,932940,532758,46647,5000,0,2500,25,6,0,3,0,0,0,16,0,0,424,0,4,28,5,0.0,0,0,0,0,0,0,4,0,0.0,0.0,0.0,0.0,42,824400,9,87,0.0,0.0,0.0,0.0,0.0,0.0,0.0,0.0,0.0,0.0,0.0,0.0,0.0,0.0,0.0
Botswana,2450668,1029281,617568,24507,12000,0,0,45,10,0,9,10,0,0,16,0,45,1224,12,36,20,0,0.0,0,0,0,0,0,0,0,0,0.0,0.0,0.0,0.0,122,1173000,0,0,0.0,0.0,0.0,0.0,0.0,0.0,0.0,0.0,0.0,0.0,0.0,0.0,0.0,0.0,0.0
North Macedonia,2135622,948216,783773,27763,10010,60000,3500,20,0,0,0,10,0,0,10,4,0,1878,0,156,18,0,0.0,0,0,0,0,0,0,0,0,0.0,0.0,0.0,0.0,13,779200,0,0,0.0,0.0,0.0,0.0,0.0,0.0,0.0,0.0,0.0,0.0,0.0,0.0,0.0,0.0,0.0
Slovenia,2097893,1006989,826570,22867,7000,26000,5000,40,0,0,5,23,0,0,16,0,54,4636,17,18,0,3,0.0,0,0,0,0,0,0,3,0,0.0,0.0,0.0,0.0,42,1058000,2,8,0.0,0.0,0.0,0.0,0.0,0.0,0.0,0.0,0.0,0.0,0.0,0.0,0.0,0.0,0.0
Kosovo,1977093,917371,743387,17794,4000,5000,500,0,0,0,0,0,0,0,0,0,0,1357,0,0,0,0,0.0,0,0,0,0,0,0,0,0,0.0,0.0,0.0,0.0,2,500300,0,0,0.0,0.0,0.0,0.0,0.0,0.0,0.0,0.0,0.0,0.0,0.0,0.0,0.0,0.0,0.0
Latvia,1801246,810561,648449,16211,17870,38000,12500,3,0,0,0,0,0,0,3,0,0,3410,47,0,0,18,0.0,0,0,0,0,0,0,11,6,0.0,0.0,0.0,0.0,55,954900,5,83,0.0,0.0,0.0,0.0,0.0,0.0,0.0,0.0,0.0,0.0,0.0,0.0,0.0,0.0,0.0
Bahrain,1566888,846120,720768,17236,18400,110000,1500,137,28,0,3,40,0,0,66,34,150,5196,38,26,18,64,0.0,0,0,0,0,2,2,50,0,0.0,0.0,0.0,0.0,3,913300,4,184,0.0,0.0,0.0,0.0,0.0,0.0,0.0,0.0,0.0,0.0,0.0,0.0,0.0,0.0,0.0
Estonia,1193791,584958,456028,13132,7700,230000,10000,2,0,0,2,0,0,0,0,0,0,2579,48,0,6,8,0.0,0,0,0,0,0,0,4,4,0.0,0.0,0.0,0.0,34,756200,20,72,0.0,0.0,0.0,0.0,0.0,0.0,0.0,0.0,0.0,0.0,0.0,0.0,0.0,0.0,0.0
Bhutan,884546,203446,122067,4423,16000,50000,0,2,0,0,0,0,0,0,2,0,0,78,0,0,0,0,0.0,0,0,0,0,0,0,0,0,0.0,0.0,0.0,0.0,4,406500,0,0,0.0,0.0,0.0,0.0,0.0,0.0,0.0,0.0,0.0,0.0,0.0,0.0,0.0,0.0,0.0
Luxembourg,671254,154388,92633,3356,1200,0,0,1,0,0,1,0,0,0,0,0,0,476,0,0,0,0,0.0,0,0,0,0,0,0,0,0,0.0,0.0,0.0,0.0,3,350000,0,147,0.0,0.0,0.0,0.0,0.0,0.0,0.0,0.0,0.0,0.0,0.0,0.0,0.0,0.0,0.0
Suriname,646758,142287,84079,3234,2500,0,200,3,0,0,0,0,0,0,3,0,0,1250,0,0,0,17,0.0,0,0,0,0,0,0,17,0,0.0,0.0,0.0,0.0,55,255500,4,13,0.0,0.0,0.0,0.0,0.0,0.0,0.0,0.0,0.0,0.0,0.0,0.0,0.0,0.0,0.0
Montenegro,599849,143964,85179,3599,2350,0,5500,10,0,0,0,0,0,0,10,0,0,946,0,12,12,20,0.0,0,0,0,0,0,0,14,0,0.0,0.0,0.0,0.0,5,245300,4,18,0.0,0.0,0.0,0.0,0.0,0.0,0.0,0.0,0.0,0.0,0.0,0.0,0.0,0.0,0.0
Beliz,415789,158000,90226,8732,2000,850,0,3,0,0,1,0,1,0,1,0,0,164,0,0,0,15,0.0,0,0,0,0,0,0,15,0,0.0,0.0,0.0,0.0,27,190000,2,774,0.0,0.0,0.0,0.0,0.0,0.0,0.0,0.0,0.0,0.0,0.0,0.0,0.0,0.0,0.0
Iceland,364036,83728,50237,1820,0,0,0,0,0,0,0,0,0,0,0,0,0,350,0,0,0,0,0.0,0,0,0,0,0,0,0,0,0.0,0.0,0.0,0.0,82,248400,43,39,0.0,0.0,0.0,0.0,0.0,0.0,0.0,0.0,0.0,0.0,0.0,0.0,0.0,0.0,0.0
