country,total_military_manpower,fit_for_service,population_reaching_military_age_annually,active_personnel,reserve_personnel,paramilitary,total_military_aircraft,fighter_aircraft,attack_aircraft,transport_aircraft,trainer_aircraft,special_mission_aircraft,tanker_aircraft,total_military_helicopters,attack_helicopters,tanks,armored_fighting_vehicles,self_propelled_artillery,towed_artillery,rocket_projectors,total_naval_fleet,total_naval_fleet_tonnage_mt,aircraft_carriers,helicopter_carriers,submarines,destroyers,frigates,corvettes,coastal_patrol_craft,mine_warfare_craft,defense_budget_usd,external_debt_usd,purchasing_power_parity_usd,foreign_exchange_and_gold_reserves_usd,total_serviceable_airports,labour_force,major_ports_and_terminals,total_merchant_marine_fleet,railway_coverage_km,roadway_coverage_km,oil_production_bbl,oil_consumption_bbl,proven_oil_reserves_bbl,natural_gas_production_cum,natural_gas_consumption_cum,proven_natural_gas_reserves_cum,coal_production_cum,coal_consumption_mt,proven_coal_reserves_cum,total_land_area_sq_km,coastline_coverage_km,border_coverage_km,waterway_coverage_km,power_index,power_index_rank,gdp_usd,continent,region,alliance
China,764123366,626864169,19810606,2035000,510000,625000,3529,1443,371,287,401,105,9,1007,281,5870,152040,2940,1400,2770,841,3192411,3,4,61,53,46,50,150,36,303000000000.0,488114000000.0,33598000000000.0,3456000000000.0,552,773880000,66,8314,150000,5200000,4984000,16189000,26023000000.0,225341000000.0,366160000000.0,6654000000000.0,4805000000,5191000000,157041000000.0,9596960,14500,22457,27700,0.0919,3,18000000000000.0,Asia,Eastern Asia,Non-NATO
India,662290299,522786598,23955181,1431000,1000000,2527000,2183,476,124,277,334,72,6,594,79,3913,163554,100,5640,300,343,631989,2,0,18,13,18,21,146,0,109000000000.0,212728000000.0,14244000000000.0,643043000000.0,315,607691000,56,1859,65554,6371847,822000,5271000,4605000000.0,33170000000.0,58867000000.0,1381000000000.0,1020000000,1262000000,127727000000.0,3287263,7000,13888,14500,0.1346,4,3390000000000.0,Asia,Southern Asia,Non-NATO
United States,150463900,124816644,4445524,1333030,799500,0,13032,1791,926,917,2610,611,610,5913,1024,4666,409660,1521,1878,1731,465,8265799,11,9,66,83,0,27,0,4,831500000000.0,24538900000000.0,25676000000000.0,910037000000.0,16116,174174000,666,3533,293564,6586610,20953000,20307000,38212000000.0,1029000000000.0,914301000000.0,13402000000000.0,534234000,495156000,247883000000.0,9833517,19924,12002,41009,0.0741,1,25500000000000.0,Americas,Northern America,NATO
Indonesia,137965608,114595923,4786562,404500,401000,250000,460,41,34,73,114,15,1,212,15,331,28064,153,396,67,338,324754,0,0,4,0,10,26,211,10,11155297716.0,225273000000.0,4102000000000.0,155708000000.0,556,143144000,123,11422,8159,496607,865000,1645000,2480000000.0,57410000000.0,36061000000.0,1408000000000.0,783453000,281159000,35055000000.0,1904569,54716,2958,21579,0.2582,13,1320000000000.0,Asia,South-eastern Asia,Non-NATO
Nigeria,125475979,90437404,4261448,230000,0,50000,159,14,24,12,28,12,0,69,15,330,12219,40,339,37,152,38052,0,0,0,0,1,0,132,2,3900000000.0,45009000000.0,1318000000000.0,38612000000.0,50,113350000,28,928,3798,195000,1541000,527000,36890000000.0,39951000000.0,20719000000.0,5761000000000.0,1322000,1326000,2144000000.0,923768,853,4477,8600,0.6097,33,477000000000.0,Africa,Sub-Saharan Africa,Non-NATO
Brazil,112226271,88680759,3520824,376000,1340000,200000,495,44,30,107,124,25,0,186,0,294,22464,149,412,82,69,166419,0,1,6,0,8,2,22,4,26400000000.0,198582000000.0,4165000000000.0,329732000000.0,5297,106790000,45,888,29850,2000000,4221000,3163000,12715000000.0,22670000000.0,31654000000.0,363985000000.0,15556000,32223000,6596000000.0,8515770,7491,16145,50000,0.2374,11,1920000000000.0,Americas,Latin America and the Caribbean,Non-NATO
Pakistan,108516336,85803614,4794908,660000,550000,500000,1397,331,90,63,563,27,4,379,55,2677,59044,662,2629,652,120,115187,0,0,8,0,9,6,79,3,9102115350.0,89148000000.0,1390000000000.0,18408000000.0,117,83644000,3,60,11881,264175,91000,645000,540000000.0,36937000000.0,46448000000.0,592219000000.0,13765000,30191000,2857000000.0,796095,1046,7257,0,0.2626,14,377000000000.0,Asia,Southern Asia,Non-NATO
Bangladesh,82661620,66129296,3205246,204000,0,6800000,212,41,0,17,83,4,0,67,0,320,11584,36,487,103,121,75280,0,0,2,0,7,6,61,5,3340000000.0,58020000000.0,1473000000000.0,21395000000.0,17,77355000,2,558,2460,369105,13000,263000,28000000.0,24620000000.0,30384000000.0,126293000000.0,767000,14050000,3260000000.0,148460,580,4413,8370,0.6517,37,460000000000.0,Asia,Southern Asia,Non-NATO
Russia,69002197,46189226,1267387,1320000,2000000,250000,4237,861,698,458,530,137,18,1643,556,5630,126512,3603,5920,2486,747,1426539,1,0,66,13,12,79,70,45,212638000000.0,226476000000.0,6089000000000.0,597217000000.0,905,72517000,67,2910,85494,1283387,10879000,3863000,80000000000.0,617830000000.0,472239000000.0,47805000000000.0,531130000,290763000,162166000000.0,17098242,37653,22407,102000,0.0791,2,,Europe,Eastern Europe,Non-NATO
Mexico,61447766,49811912,2222579,387000,98653,120000,424,2,32,40,175,25,0,173,0,0,23548,35,0,0,164,121180,0,0,0,0,1,3,142,0,9100000000.0,306308000000.0,2883000000000.0,232035000000.0,1580,60959000,35,674,23389,704884,2101000,1741000,5786000000.0,31422000000.0,90566000000.0,180322000000.0,6296000,15132000,1160000000.0,1964375,9330,4389,2900,0.6401,36,1410000000000.0,Americas,Latin America and the Caribbean,Non-NATO
Ethiopia,56904143,35327989,2726657,503000,138000,0,104,25,0,9,34,0,0,33,7,338,8586,142,469,79,0,121180,0,0,0,0,0,0,0,0,3720968976.0,25426000000.0,380895000000.0,3784000000.0,58,54470000,0,12,659,180000,0,102000,428000.0,0.0,0.0,24919000000.0,456000,1653000,0.0,1104300,0,5925,0,0.8525,47,127000000000.0,Africa,Sub-Saharan Africa,Non-NATO
Vietnam,54994667,45053323,1797903,450000,5000000,250000,265,61,0,6,91,3,0,101,0,1999,69914,30,3250,774,116,102147,0,0,6,0,9,17,27,8,10200000000.0,34426000000.0,1456000000000.0,83082000000.0,36,57133000,16,1973,2600,195468,187000,544000,4400000000.0,7676000000.0,7676000000.0,699426000000.0,51519000,96099000,3116000000.0,331210,3444,4616,47130,0.4066,23,409000000000.0,Asia,South-eastern Asia,Non-NATO
Japan,52976836,42874277,1108818,251500,56000,25000,1429,217,47,53,399,135,10,583,118,734,54390,193,480,99,158,798062,0,4,23,41,8,0,6,18,58000000000.0,5147670000000.0,5715000000000.0,1231000000000.0,280,69382000,163,5229,27311,1218772,8000,3140000,44115000.0,2220000000.0,92843000000.0,20898000000.0,27657000,197612000,350000000.0,377915,29751,0,1770,0.1876,7,4230000000000.0,Asia,Eastern Asia,Non-NATO
Philippines,50859137,41751803,2128987,160000,1500000,35000,204,0,17,23,23,11,0,130,6,18,20551,12,296,0,127,84578,0,0,0,0,4,1,60,0,6571641011.0,63241000000.0,1202000000000.0,106195000000.0,256,50979000,70,2203,77,216387,10000,457000,138500000.0,2251000000.0,2251000000.0,98543000000.0,14457000,42859000,361000000.0,300000,36289,0,3219,0.6993,41,404000000000.0,Asia,South-eastern Asia,Non-NATO
Iran,49496685,41541860,1414191,610000,350000,220000,551,188,21,86,103,10,6,129,13,2675,75939,424,1803,1550,109,283516,0,0,25,0,7,3,21,1,9230000000.0,6759000000.0,1486000000000.0,120600000000.0,177,28575000,18,965,8484,223485,4112000,2415000,208600000000.0,263280000000.0,244890000000.0,33987000000000.0,2209000,3032000,1203000000.0,1648195,2440,5894,850,0.3199,16,,Asia,Southern Asia,Non-NATO
Egypt,45611372,38269053,1668709,438500,479000,300000,1088,242,90,53,344,11,0,348,100,3620,54694,1056,962,648,149,235989,0,2,8,0,13,7,61,17,5193500000.0,117272000000.0,1958000000000.0,44921000000.0,73,33749000,31,441,5085,65050,667000,830000,3300000000.0,64817000000.0,60089000000.0,1784000000000.0,69000,3262000,182000000.0,1001450,2450,2612,3500,0.3651,19,,Africa,Northern Africa,Non-NATO
Turkiye,42985080,36087279,1430032,481000,380000,150000,1101,201,0,84,301,27,7,509,111,2284,98193,1045,635,237,192,349739,0,1,14,0,17,9,40,11,51400000000.0,149654000000.0,3018000000000.0,154744000000.0,116,36081000,54,1170,11497,68526,83000,1107000,366000000.0,379701000.0,52887000000.0,3794000000.0,82534000,124183000,10975000000.0,783562,7200,2816,1200,0.1975,9,906000000000.0,,,Non-NATO
Democratic Republic of the Congo,39237029,31389623,2538867,166580,30800,10000,56,0,6,10,2,0,0,38,9,212,7164,16,125,81,16,121180,0,0,0,0,0,0,16,0,960000000.0,7926000000.0,164367000000.0,3898125000.0,273,38546000,3,24,4007,152373,19000,35000,180000000.0,380000.0,380000.0,991090000.0,0,304000,987999000.0,2344858,37,10481,15000,1.3051,64,,,,Non-NATO
Germany,38694786,30955829,841191,184324,860000,0,569,127,63,55,16,27,3,292,49,296,87338,134,0,33,96,241492,0,0,6,0,11,6,54,12,127400000000.0,6862470000000.0,5247000000000.0,377936000000.0,840,43772000,35,595,39379,830000,131000,2062000,115200000.0,4824000000.0,77516000000.0,23390000000.0,109741000,140994000,35400000000.0,357022,2389,3694,7300,0.2463,12,4070000000000.0,Europe,Western Europe,NATO
Thailand,36358919,27968399,1118736,360850,200000,25000,496,73,26,52,134,25,0,258,7,744,52590,59,595,17,304,133523,0,1,0,0,7,5,254,5,6006660000.0,37065000000.0,1558000000000.0,236934000000.0,105,40623000,21,884,4127,180053,386000,1397000,252750000.0,30797000000.0,48898000000.0,138243000000.0,12812000,42371000,1063000000.0,513120,3219,5673,4000,0.4458,24,495000000000.0,Asia,South-eastern Asia,Non-NATO
United Kingdom,31491165,25192932,753050,141330,31940,0,625,103,38,30,201,29,9,262,50,288,94064,14,126,43,116,406308,2,0,10,6,7,0,26,8,88526529585.0,10553100000000.0,3636000000000.0,174598000000.0,1057,35359000,185,868,16390,416461,753000,1406000,2500000000.0,37758000000.0,70141000000.0,180661000000.0,1568000,7372000,26000000.0,243610,12429,499,3200,0.1881,8,3070000000000.0,Europe,Northern Europe,NATO
Myanmar,30489384,21975367,1035489,228000,19000,55000,331,70,20,33,120,5,0,86,9,1040,11576,225,1680,1520,239,89240,0,0,3,0,6,3,146,2,2815031361.0,8748000000.0,287559000000.0,8590400000.0,74,22742000,7,101,5031,157000,7000,122000,139000000.0,16780000000.0,3788000000.0,637129000000.0,1031000,907000,252000000.0,676578,1930,6522,12800,0.6265,35,59364362541.0,Asia,South-eastern Asia,Non-NATO
France,30084820,23794358,752121,264000,43444,150000,974,223,0,118,140,44,15,452,67,427,110784,74,0,9,166,487471,1,3,9,11,5,0,22,19,67232395000.0,7691320000000.0,3732000000000.0,282857000000.0,1218,31725000,66,553,27860,1053215,80000,1536000,61719000.0,20132000.0,37001000000.0,7787000000.0,2157000,12570000,160000000.0,643801,4853,4072,8501,0.1798,6,2780000000000.0,Europe,Western Europe,NATO
South Africa,27803618,14989776,1027525,68731,29350,50000,181,2,0,11,81,0,0,87,10,248,23024,52,434,201,63,43881,0,0,3,0,4,0,42,4,2877000000.0,93879000000.0,870420000000.0,65435000000.0,573,27766000,8,110,30400,750000,88000,609000,15000000.0,59128000.0,4487000000.0,0.0,239712000,176095000,9893000000.0,1219090,2798,5244,0,0.6843,40,406000000000.0,Africa,Sub-Saharan Africa,Non-NATO
Italy,27434219,22191235,548684,165500,18300,105000,714,88,65,31,152,22,8,352,37,203,87364,64,108,21,285,387892,2,0,8,3,14,0,15,10,37325165000.0,3025000000000.0,3133000000000.0,290547000000.0,655,25828000,123,1276,18475,228863,111000,1245000,497934000.0,3117000000.0,68735000000.0,45750000000.0,1572000,12424000,609999000.0,301340,7600,1836,2400,0.2211,10,2010000000000.0,Europe,Southern Europe,NATO
Sudan,26747657,17108407,1312149,300000,200000,17500,183,37,36,13,33,0,0,64,35,1055,8890,100,1150,800,10,121180,0,0,0,0,0,0,10,0,394700000.0,21650000000.0,94420000000.0,192348850.0,45,10949000,4,14,7251,31000,68000,129000,1250000000.0,0.0,0.0,84951000000.0,0,0,0.0,1861484,853,6819,4068,1.3563,66,51662241775.0,Africa,Northern Africa,Non-NATO
South Korea,26040900,21353538,416654,450000,3100000,120000,1540,242,98,40,335,35,4,827,113,1831,117460,2780,5800,525,215,427946,0,2,22,14,18,3,96,14,44800000000.0,553871000000.0,2607000000000.0,418219000000.0,92,29713000,15,2149,3979,100428,38000,2542000,0.0,55127000.0,59480000000.0,7079000000.0,16081000,136817000,326000000.0,99720,2413,237,1600,0.1642,5,,Asia,Eastern Asia,Non-NATO
Colombia,24298295,19190694,843002,429000,998000,150000,430,16,24,82,72,27,1,255,0,0,12780,6,110,0,213,31090,0,0,4,0,9,2,158,0,15800000000.0,108027000000.0,978024000000.0,61898000000.0,661,26822000,14,153,2141,206102,800000,374000,2036000000.0,11290000000.0,11451000000.0,87782000000.0,52376000,9720000,4554000000.0,1138910,3208,6672,24725,0.7551,43,344000000000.0,Americas,Latin America and the Caribbean,Non-NATO
Algeria,22570787,19185169,752360,130000,150000,150000,620,111,42,63,90,10,4,300,74,1485,24920,224,483,188,111,83480,0,0,6,0,8,8,75,3,25000000000.0,4764000000.0,722912000000.0,83007000000.0,95,13294000,17,119,4020,112696,1443000,446000,12200000000.0,100726000000.0,47963000000.0,4504000000000.0,0,3000,233000000.0,2381740,998,6734,0,0.4849,27,192000000000.0,Africa,Northern Africa,Non-NATO
Spain,21748999,17635602,330963,121802,24033,78470,440,136,12,51,108,8,0,169,17,298,49324,96,188,0,175,249889,1,0,2,0,11,0,112,6,39000676350.0,2830010000000.0,2361000000000.0,107774000000.0,365,24386000,52,503,15489,150110,47000,1325000,150000000.0,41009000.0,32833000000.0,2549000000.0,1280000,7388000,1187000000.0,505370,4964,1953,1000,0.3247,18,1400000000000.0,Europe,Southern Europe,NATO
Kenya,21551160,14037377,931942,50000,0,25000,154,17,0,21,30,2,0,84,2,188,9114,18,53,0,27,121180,0,0,0,0,0,0,18,0,1651803025.0,31451000000.0,328632000000.0,10067000000.0,368,23781000,4,26,3819,161452,0,113000,0.0,0.0,0.0,0.0,0,1453000,0.0,580367,536,3457,0,1.8588,84,113000000000.0,Africa,Sub-Saharan Africa,Non-NATO
Argentina,20677529,17575900,704916,108000,12370,20000,241,23,11,25,71,13,2,96,0,362,22432,20,172,27,42,122128,0,0,2,3,0,6,13,0,993919790.0,74362000000.0,1213000000000.0,29560000000.0,764,22286000,37,201,17866,240000,807000,749000,2483000000.0,43280000000.0,46228000000.0,396464000000.0,869000,2534000,799999000.0,2780400,4989,11968,11000,0.5983,32,633000000000.0,Americas,Latin America and the Caribbean,Non-NATO
Saudi Arabia,19003104,17468238,621255,247000,0,150000,917,283,81,49,202,16,22,264,34,1085,22370,380,557,327,32,49727,0,0,0,0,7,9,9,3,63988055520.0,248171000000.0,2213000000000.0,463870000000.0,90,17168000,16,433,5410,221372,11174000,3524000,258600000000.0,121870000000.0,121870000000.0,9423000000000.0,0,66000,0.0,2149690,2640,4272,0,0.4473,25,1110000000000.0,Asia,Western Asia,Non-NATO
Uzbekistan,18990708,15959499,730412,120000,0,20000,159,26,13,12,7,0,0,101,34,470,8692,177,236,108,0,121180,0,0,0,0,0,0,0,0,6210000000.0,25714000000.0,379989000000.0,41237000000.0,74,13974000,0,0,4642,225500,64000,111000,594000000.0,47500000000.0,43227000000.0,1841000000000.0,6379000,8941000,1375000000.0,447400,420,6893,1100,0.9908,53,80391853885.0,Asia,Central Asia,Non-NATO
Poland,18985692,15576017,464956,250000,350000,50000,457,58,12,44,112,11,0,224,29,798,57972,593,0,298,63,55530,0,0,1,0,2,2,3,29,55865141600.0,425642000000.0,1649000000000.0,223115000000.0,318,18245000,10,152,19461,427580,24000,743000,113000000.0,5551000000.0,20056000000.0,91492000000.0,96720000,99932000,27758000000.0,312685,440,2845,3997,0.3891,21,688000000000.0,Europe,Eastern Europe,NATO
Ukraine,18187531,12731272,392280,900000,4000000,100000,347,88,30,22,72,5,0,140,39,1121,45458,682,625,288,169,22266,0,0,0,0,0,0,133,5,45000000000.0,90003000000.0,577583000000.0,43781000000.0,152,20539000,26,410,21733,169694,3000,192000,395000000.0,18725000000.0,22856000000.0,1104000000000.0,19603000,25012000,34375000000.0,603550,2782,5581,1672,0.3691,20,161000000000.0,Europe,Eastern Europe,Non-NATO
Morocco,17946041,15254135,635589,400000,250000,50000,271,84,0,31,77,4,2,73,6,1346,17594,544,188,185,100,121180,0,0,0,0,6,1,84,0,16100000000.0,42262000000.0,350594000000.0,37134000000.0,48,12475000,12,94,2067,57300,25,296000,684000.0,82595000.0,243201000.0,1444000000.0,0,10304000,96000000.0,715550,1835,2363,0,1.0368,56,134000000000.0,Africa,Northern Africa,Non-NATO
Iraq,17675043,14308368,715418,193000,0,100000,360,26,36,15,111,17,0,183,39,1188,37496,434,610,572,67,32565,0,0,0,0,0,1,55,0,8000000000.0,15580000000.0,585887000000.0,100691000000.0,73,12008000,6,74,2272,59623,4448000,1043000,145019000000.0,9860000000.0,19298000000.0,3729000000000.0,0,0,0.0,438317,58,3809,5279,0.8115,44,264000000000.0,Asia,Western Asia,Non-NATO
Uganda,16756234,9905891,985661,45000,0,10000,51,6,0,3,12,0,0,30,6,259,9702,6,26,12,0,121180,0,0,0,0,0,0,0,0,1510000000.0,10469000000.0,144137000000.0,3432750000.0,39,22829000,0,0,1244,20544,0,44000,2500000000.0,0.0,0.0,14158000000.0,19,0,799999000.0,241038,0,2729,0,2.3252,107,45559202049.0,Africa,Sub-Saharan Africa,Non-NATO
Canada,16681770,13500595,426743,63500,23000,5500,354,66,0,29,95,34,6,146,0,74,21780,0,0,0,67,119637,0,0,4,0,12,0,17,0,45824959620.0,2571110000000.0,2341000000000.0,119778000000.0,1425,22868000,284,716,49422,1042300,5688000,2377000,170300000000.0,187686000000.0,130316000000.0,2067130000000.0,50687000,20092000,6582000000.0,9984670,202080,8893,636,0.5269,28,2140000000000.0,Americas,Northern America,NATO
Malaysia,16245461,13480276,553037,113000,51600,100000,132,25,11,15,31,6,4,45,0,48,15415,0,196,36,100,67735,0,0,2,0,2,4,72,4,5100000000.0,8748000000.0,1212000000000.0,116229000000.0,100,18264000,35,1750,1851,144403,582000,672000,3600000000.0,75456000000.0,42499000000.0,1189000000000.0,4476000,35741000,226000000.0,329847,4675,2742,7200,0.7379,42,406000000000.0,Asia,South-eastern Asia,Non-NATO
Peru,15648120,12681497,619405,120000,386000,60000,252,15,22,39,68,12,0,112,16,355,9168,12,290,61,78,171629,0,0,6,0,7,8,13,0,2552000000.0,38102000000.0,535911000000.0,79246000000.0,174,18918000,20,111,1855,70000,118000,255000,858890000.0,12270000000.0,7185000000.0,300159000000.0,1382000,973000,1567000000.0,1285216,2414,7062,8808,0.8827,50,243000000000.0,Americas,Latin America and the Caribbean,Non-NATO
Afghanistan,15647405,8826741,842553,75000,0,90000,5,0,0,2,0,0,0,3,0,0,3902,0,0,0,0,121180,0,0,0,0,0,0,0,0,145000000.0,1929750000.0,82238000000.0,8852092000.0,68,9133000,0,0,0,34903,0,58000,0.0,80200000.0,80200000.0,49554000000.0,767000,503000,66000000.0,652230,0,5987,1200,2.7342,121,14583135237.0,Asia,Southern Asia,Non-NATO
Venezuela,15625153,12812625,625006,109000,8000,220000,224,30,0,47,75,3,1,85,10,282,15168,60,92,56,41,121180,0,0,3,0,1,0,26,0,6060000000.0,121363000000.0,110943000000.0,9944750000.0,509,11136000,31,272,447,96189,801000,203000,303806000000.0,17696000000.0,17696000000.0,5674000000000.0,149000,80000,730999000.0,912050,2800,5267,7100,0.9106,51,,Americas,Latin America and the Caribbean,Non-NATO
Syria,15273871,13245310,668232,100000,0,50000,104,52,5,2,8,0,0,39,7,168,18736,60,0,0,12,121180,0,0,0,0,0,0,8,0,145925000.0,4441250000.0,98858000000.0,307766250.0,42,6617000,3,24,2052,69873,65000,102000,2500000000.0,3085000000.0,3084000000.0,240693000000.0,0,15000,0.0,187437,193,2363,900,1.8861,87,,Asia,Western Asia,Non-NATO
Nepal,15249970,11733140,778060,98500,82000,15000,17,0,0,7,0,0,0,10,0,0,1108,0,14,0,0,121180,0,0,0,0,0,0,0,0,431355326.0,5719000000.0,149643000000.0,12456000000.0,51,8435000,0,0,59,64500,0,71000,0.0,0.0,0.0,0.0,9000,1091000,8000000.0,147181,0,3159,0,2.8037,124,40828247302.0,Asia,Southern Asia,Non-NATO
Ghana,14873310,9961658,622604,15500,0,0,18,0,0,2,5,2,0,9,0,0,3648,0,6,6,20,121180,0,0,0,0,0,0,20,0,954423756.0,29241000000.0,243124000000.0,3624000000.0,11,13927000,4,52,947,65725,176000,96000,660000000.0,3192000000.0,3912000000.0,22653000000.0,0,51000,0.0,238533,539,2420,1293,2.4566,112,72838798788.0,Africa,Sub-Saharan Africa,Non-NATO
Mozambique,14674420,7770772,533615,11200,0,3000,23,8,2,5,1,0,0,7,2,60,3488,0,104,12,36,121180,0,0,0,0,0,0,36,0,480000000.0,8274000000.0,51786000000.0,3843000000.0,92,15173000,11,36,4787,30562,0,42000,0.0,5388000000.0,1347000000.0,2832000000000.0,10583000,13000,1792000000.0,799380,2470,4783,460,1.9769,92,17851491428.0,Africa,Sub-Saharan Africa,Non-NATO
Ivory Coast,12292521,7855221,569653,22000,0,5500,22,0,0,3,2,3,0,14,5,0,1328,0,4,6,8,121180,0,0,0,0,0,0,7,0,18200000.0,26576000000.0,215018000000.0,7583484000.0,29,12595000,5,25,660,81996,29000,87000,100000000.0,2635000000.0,2635000000.0,28317000000.0,0,0,0.0,322463,515,3458,980,2.3884,108,,,,Non-NATO
Taiwan,12269542,1061787,306739,230000,1657000,55000,720,258,0,19,215,18,0,239,91,1090,24067,488,1360,223,91,244050,0,0,4,4,21,7,36,10,31180000000.0,229900000000.0,1743000000000.0,541899000000.0,57,11842940,8,465,1613,43206,800,954000,2380000.0,63747000.0,21157000000.0,6230000000.0,5212000,64609000,1000000.0,35980,1566,0,0,0.3927,22,,Asia,Eastern Asia,Non-NATO
Yemen,12213368,9031464,610668,33350,0,20000,160,68,0,3,30,0,0,59,14,0,1550,12,60,30,26,121180,0,0,0,0,0,1,9,0,405187500.0,6492000000.0,18719000000.0,831025575.0,37,7848000,10,30,0,71300,15000,58000,3000000000.0,189432000.0,189432000.0,478555000000.0,0,27000,0.0,527968,1906,1601,0,2.1617,98,,Asia,Western Asia,Non-NATO
Tanzania,12143182,6678750,607159,25000,0,6500,38,11,0,6,6,0,0,15,0,200,8408,0,205,70,12,121180,0,0,0,0,0,0,10,0,1476113361.0,17513000000.0,246706000000.0,5371525000.0,206,32983000,8,381,4097,145203,0,85000,0.0,1808000000.0,1808000000.0,6513000000.0,2341000,740000,1410000000.0,947300,1424,4161,0,1.9111,89,75709289056.0,Africa,Sub-Saharan Africa,Non-NATO
Australia,11242811,9208398,294455,58910,33270,0,348,24,71,37,107,31,6,72,22,46,17118,0,48,8,45,199898,0,2,6,3,7,0,13,3,57350000000.0,3770250000000.0,1635000000000.0,60404000000.0,2257,14912000,66,604,32606,873573,386000,1151000,2446000000.0,153783000000.0,50188000000.0,3228000000000.0,445077000,95667000,149472000000.0,7741220,25760,0,2000,0.3208,17,1680000000000.0,Oceania,Australia and New Zealand,Non-NATO
Madagascar,11192031,7952233,559602,13500,0,8100,6,0,0,1,0,0,0,5,0,12,316,0,17,0,7,121180,0,0,0,0,0,0,5,0,147630000.0,3548000000.0,52968000000.0,2785000000.0,93,16519000,13,29,836,31640,0,20000,0.0,0.0,0.0,0.0,0,472000,150000000.0,587040,4828,0,600,3.0381,131,14954967604.0,Africa,Sub-Saharan Africa,Non-NATO
Sri Lanka,10551652,8551235,307757,346000,90000,0,90,6,0,15,7,3,0,49,8,87,15021,0,96,28,275,32636,0,0,0,0,5,0,259,0,1500000000.0,42198000000.0,301407000000.0,6094000000.0,18,8499000,6,96,1562,114093,0,100000,0.0,0.0,0.0,0.0,0,2323000,0.0,65610,1340,0,160,1.3822,68,74403578363.0,Asia,Southern Asia,Non-NATO
Cameroon,10528476,6224187,495458,38000,0,9000,35,0,0,6,6,2,0,21,0,0,860,18,52,20,19,121180,0,0,0,0,0,0,19,0,835694942.0,11112000000.0,143264000000.0,4882000000.0,37,11119000,7,198,987,77589,64000,41000,200000000.0,2595000000.0,877058000.0,135071000000.0,0,0,0.0,475440,400,5018,0,2.1689,99,44341646509.0,Africa,Sub-Saharan Africa,Non-NATO
North Korea,9467520,5312331,420779,1320000,560000,100000,837,341,114,1,176,0,0,205,20,4895,47792,1300,700,1500,332,143304,0,0,24,2,2,8,227,1,4750000000.0,6050000000.0,15416000000.0,5500000000.0,81,17637000,10,264,7435,25554,0,18000,0.0,0.0,0.0,0.0,21927000,22105000,10600000000.0,120538,2495,1607,2250,0.5933,31,,,,Non-NATO
Romania,9437041,7731114,199630,90000,55000,15000,148,29,0,13,44,2,0,66,0,451,13266,0,720,243,18,121180,0,0,0,0,3,7,0,7,10230630000.0,145200000000.0,774376000000.0,73391000000.0,103,8263000,11,127,10628,85387,67000,220000,600000000.0,9501000000.0,10055000000.0,105480000000.0,14752000,15533000,291000000.0,238391,225,2844,1731,0.9558,52,301000000000.0,Europe,Eastern Europe,NATO
Kazakhstan,9117003,6928922,283640,110000,135000,55000,168,37,13,21,25,0,0,72,12,353,17460,126,194,287,26,121180,0,0,0,0,0,0,23,2,5836386000.0,25765000000.0,739385000000.0,45808000000.0,132,10285000,0,122,16636,96167,1955000,386000,30000000000.0,27011000000.0,22623000000.0,2407000000000.0,120279000,86349000,25605000000.0,2724900,26,13364,43983,1.0433,58,221000000000.0,Asia,Central Asia,Non-NATO
Chile,8959033,7521855,298634,80000,40000,50000,274,45,0,33,92,18,5,86,0,386,7480,48,249,9,130,176065,0,0,4,0,8,0,40,0,6800000000.0,235950000000.0,596556000000.0,44403000000.0,379,10088000,39,249,7282,77801,11000,404000,150000000.0,1200000000.0,6916000000.0,97976000000.0,474000,8087000,1181000000.0,756102,6435,7801,12290,0.8704,49,301000000000.0,Americas,Latin America and the Caribbean,Non-NATO
Burkina Faso,8525614,6060098,368675,7500,0,4500,26,0,3,2,0,2,0,19,5,0,876,0,8,9,0,121180,0,0,0,0,0,0,0,0,4590000000.0,3565000000.0,60001000000.0,47138000.0,49,6461000,0,0,622,15304,0,37000,0.0,0.0,0.0,0.0,0,0,0.0,274200,0,3611,0,2.9213,127,18884619613.0,Africa,Sub-Saharan Africa,Non-NATO
Ecuador,8422593,6738074,329580,41250,118000,1500,99,0,0,20,34,8,0,43,0,202,5322,5,106,24,30,121180,0,0,2,0,2,6,5,0,2963400000.0,39658000000.0,252728000000.0,6908000000.0,317,8821000,6,154,965,43950,480000,272000,8273000000.0,309778000.0,309778000.0,10902000000.0,0,14000,24000000.0,283560,2237,2237,1500,1.4479,72,115000000000.0,Americas,Latin America and the Caribbean,Non-NATO
Cambodia,8190561,5733393,307146,124300,0,10000,24,0,0,4,0,0,0,20,0,520,5439,30,525,521,20,121180,0,0,0,0,0,0,20,0,750000000.0,8019000000.0,123676000000.0,22506000000.0,12,9904000,2,195,642,61810,0,77000,0.0,0.0,0.0,0.0,27000,4390000,0.0,181035,443,2530,3700,1.8434,83,29956769529.0,Asia,South-eastern Asia,Non-NATO
Netherlands,7997570,6486918,195496,44245,8510,5000,130,0,38,4,21,0,0,67,16,18,6689,46,0,4,140,147606,0,0,3,0,6,0,76,3,31791150000.0,5257950000000.0,1276000000000.0,79129000000.0,44,10315000,18,1187,3055,139027,70000,840000,137747000.0,17774000000.0,33243000000.0,132608000000.0,1761000,12796000,3247000000.0,41543,451,1053,6237,0.6142,34,991000000000.0,Europe,Western Europe,NATO
Niger,7902835,5294900,447827,25000,0,5000,26,0,2,7,0,2,0,13,2,0,1550,0,0,0,0,121180,0,0,0,0,0,0,0,0,488400000.0,3793000000.0,47921000000.0,1442772000.0,26,10486000,0,0,0,18949,13000,18000,150000000.0,29509000.0,29858000.0,0.0,427000,426000,90000000.0,1267000,0,5834,300,2.6867,120,13969605583.0,Africa,Sub-Saharan Africa,Non-NATO
Guatemala,7484639,6279794,182552,106114,90000,35000,35,0,3,10,0,2,0,20,0,0,3268,0,110,0,25,121180,0,0,0,0,0,0,20,0,616000000.0,11862000000.0,232673000000.0,24412000000.0,58,7575000,3,9,800,17440,6000,117000,86110000.0,3276000.0,2986000.0,0.0,0,1012000,0.0,108889,400,1667,990,2.1277,96,95003333381.0,Americas,Latin America and the Caribbean,Non-NATO
Angola,7440412,3720206,372021,107000,0,10000,278,67,6,32,56,2,0,115,14,319,2258,25,575,116,32,121180,0,0,0,0,0,0,32,0,31200000000.0,45299000000.0,278239000000.0,14243000000.0,107,15961000,21,64,2761,76000,1175000,121000,7783000000.0,5514000000.0,1397000000.0,343002000000.0,0,0,0.0,1246700,1600,5369,1300,1.1045,59,107000000000.0,Africa,Sub-Saharan Africa,Non-NATO
Zambia,7279691,4139024,374384,15150,0,1200,78,0,0,13,34,0,0,33,0,75,848,12,60,50,0,121180,0,0,0,0,0,0,0,0,385321000.0,16597000000.0,79207000000.0,3017000000.0,120,7407000,0,2,3126,67671,0,34000,0.0,0.0,0.0,0.0,2091000,2081000,945000000.0,752618,0,6043,0,2.4461,111,29784454056.0,Africa,Sub-Saharan Africa,Non-NATO
Senegal,7162057,4089912,395798,17000,0,0,39,0,0,5,22,1,0,19,5,0,1860,0,20,6,4,121180,0,0,0,0,0,0,4,0,777800000.0,14985000000.0,83183000000.0,889295000.0,20,5763000,6,36,906,16665,9000,65000,0.0,54646000.0,54498000.0,0.0,0,138000,0.0,196722,531,2684,1000,2.8925,126,27684430244.0,Africa,Sub-Saharan Africa,Non-NATO
Chad,6873694,3856906,381872,37750,0,5000,40,0,7,7,8,2,0,16,3,90,4345,10,13,16,0,121180,0,0,0,0,0,0,0,0,706800000.0,2286000000.0,52895000000.0,1050000000.0,44,6600000,0,0,0,40000,124000,15000,1500000000.0,0.0,0.0,0.0,0,0,0.0,1284000,0,6406,12400,1.8594,85,12704149842.0,Africa,Sub-Saharan Africa,Non-NATO
Mali,6817088,4288168,351850,40000,0,4800,44,9,12,8,4,1,0,10,8,0,3717,0,50,30,0,121180,0,0,0,0,0,0,0,0,1110000000.0,4085000000.0,71253000000.0,647800000.0,30,9126000,0,0,593,139107,0,46000,0.0,0.0,0.0,0.0,0,0,0.0,1240192,0,7908,1800,2.2598,104,18827176532.0,Africa,Sub-Saharan Africa,Non-NATO
Zimbabwe,6517134,3721626,360157,29000,0,21800,80,9,9,14,20,0,0,28,6,60,1248,0,0,0,0,121180,0,0,0,0,0,0,0,0,1976800000.0,6671000000.0,57391000000.0,484973000.0,144,6386000,0,0,3427,97267,800,34000,0.0,0.0,0.0,0.0,7968000,6705000,502000000.0,390757,0,3229,0,2.2801,105,20678055598.0,Africa,Sub-Saharan Africa,Non-NATO
South Sudan,6351857,4065188,330297,185000,0,0,19,0,0,4,0,0,0,15,6,122,2550,24,0,15,0,121180,0,0,0,0,0,0,0,0,30700000.0,2722500000.0,6752000000.0,128248000.0,89,5091000,0,0,248,90200,146000,11000,3750000000.0,0.0,0.0,0.0,0,0,0.0,644329,0,6018,0,2.4645,113,11997800760.0,Africa,Sub-Saharan Africa,Non-NATO
Tunisia,6024424,5181004,204830,89800,0,12000,155,10,0,12,28,4,0,101,0,145,13927,0,105,0,37,121180,0,0,0,0,1,1,30,0,2172751250.0,21212000000.0,156086000000.0,9344000000.0,14,4247000,16,72,2173,32332,35000,104000,425000000.0,1323000000.0,5153000000.0,65129000000.0,0,2000,0.0,163610,1148,1495,0,1.7823,79,46664948952.0,Africa,Northern Africa,Non-NATO
Cuba,5921661,4737328,142558,50000,40000,1145000,20,11,0,4,3,0,0,13,4,194,7792,140,364,200,19,121180,0,0,0,0,1,1,6,4,3301500000.0,36372600000.0,81165000000.0,10442000000.0,120,489000,34,65,8367,60000,34000,118000,124000000.0,659434000.0,659434000.0,70792000000.0,0,1000,0.0,110860,3735,29,240,1.3345,65,107000000000.0,Americas,Latin America and the Caribbean,Non-NATO
United Arab Emirates,5818684,4945881,80258,65000,130000,12000,581,99,40,35,151,27,5,250,30,354,8982,165,99,49,84,20210,0,0,0,0,0,11,34,2,23480000000.0,290400000000.0,745994000000.0,237931000000.0,42,7090000,20,655,0,4080,4146000,846000,97800000000.0,56683000000.0,66091000000.0,6091000000.0,0,5411000,0.0,83600,1318,1066,0,1.0188,54,508000000000.0,Asia,Western Asia,Non-NATO
Benin,5584880,3189260,308638,4750,0,0,7,0,0,1,0,1,0,5,0,0,92,0,16,0,2,121180,0,0,0,0,0,0,2,0,137690000.0,6309000000.0,56424000000.0,698900000.0,10,6397000,1,6,438,16000,0,40000,8000000.0,0.0,182131000.0,1133000000.0,0,164000,0.0,112622,121,2123,150,3.8963,138,17401746309.0,Africa,Sub-Saharan Africa,Non-NATO
Bolivia,5417269,4112199,233928,40000,40000,0,67,0,0,15,20,2,0,29,0,54,764,0,58,0,67,121180,0,0,0,0,0,0,50,0,467670000.0,11174000000.0,122200000000.0,1977000000.0,201,6859000,0,50,3690,90568,58000,100000,240900000.0,13760000000.0,3055000000.0,302990000000.0,0,9000,1000000.0,1098581,0,7252,10000,1.8301,82,43068885673.0,Americas,Latin America and the Caribbean,Non-NATO
Portugal,5319863,4096295,127677,25000,23500,23300,128,28,5,20,23,16,4,36,0,34,10419,23,54,0,128,42755,0,0,2,0,5,2,71,0,6760000000.0,530000000000.0,556942000000.0,55160000000.0,136,5332100,36,1158,3622,136635,12932,200000,22440000.0,0.0,3700000000.0,72000000000.0,0,0,40000000.0,92090,1793,1224,764,0.6659,38,252000000000.0,Europe,Southern Europe,NATO
Azerbaijan,5218617,3908638,159754,128000,306000,15000,159,12,20,4,36,0,0,87,16,1354,14448,135,651,696,32,121180,0,0,4,0,0,0,17,4,5100000000.0,12378000000.0,225198000000.0,12699000000.0,32,5020000,0,312,2944,24981,618000,109000,7000000000.0,34175000000.0,11759000000.0,1699000000000.0,0,6000,0.0,86600,713,2468,0,1.1991,60,78721058824.0,Asia,Western Asia,Non-NATO
Czechia,5093808,4129236,97541,30334,4900,0,103,12,16,10,21,2,0,42,4,20,6275,53,0,16,0,121180,0,0,0,0,0,0,0,0,9174000000.0,232320000000.0,521928000000.0,146281000000.0,252,5541000,0,0,9548,129418,4000,219000,15000000.0,224725000.0,7602000000.0,3964000000.0,31946000,33239000,3595000000.0,78867,0,2046,664,1.0313,55,291000000000.0,,,Non-NATO
Belarus,5035769,3724569,104516,63000,365400,55000,194,43,50,4,27,0,0,70,31,577,6820,357,190,206,0,121180,0,0,0,0,0,0,0,0,1034784000.0,18010000000.0,265220000000.0,8912000000.0,46,4817000,0,4,5528,86600,30000,125000,198000000.0,73929000.0,16683000000.0,2832000000.0,0,710000,0.0,207600,0,3599,2500,1.4072,70,72793457588.0,Europe,Eastern Europe,Non-NATO
Dominican Republic,4975294,4034315,97343,89000,189000,30000,80,0,8,11,17,1,0,49,0,6,930,0,14,0,34,121180,0,0,0,0,0,0,14,0,903000000.0,35044000000.0,276884000000.0,13471000000.0,32,5413000,17,40,496,19705,0,146000,0.0,0.0,2440000000.0,0.0,0,2356000,0.0,48320,1288,376,0,2.5853,115,114000000000.0,Americas,Latin America and the Caribbean,Non-NATO
Greece,4916713,3985676,104611,142700,221350,55000,560,178,0,17,86,8,0,285,28,1344,56416,589,698,152,186,215808,0,0,9,0,14,0,45,3,8242150000.0,605000000000.0,192205000000.0,15222000000.0,82,4655000,57,1215,2345,117000,5000,308000,10000000.0,3284000.0,5173000000.0,991090000.0,10469000,10091000,2876000000.0,131957,13676,1110,6,0.5484,30,219000000000.0,Europe,Southern Europe,NATO
Belgium,4910830,3880753,119776,26390,6600,0,104,44,12,7,27,0,0,14,0,0,3588,0,0,0,9,10190,0,0,0,0,2,0,2,5,14900000000.0,1594190000000.0,749229000000.0,41449000000.0,48,5416000,7,198,3602,118414,11000,596000,0.0,13436000.0,15347000000.0,0.0,1269000,4372000,4100000000.0,30528,67,1297,2043,1.2201,61,579000000000.0,Europe,Western Europe,NATO
Tajikistan,4781269,3773045,176699,150000,600000,20000,25,0,0,1,4,0,0,20,6,38,6782,3,13,24,0,121180,0,0,0,0,0,0,0,0,450460000.0,3024000000.0,50370000000.0,3026450000.0,19,2780000,0,0,680,30000,300,31000,12000000.0,18476000.0,85567000.0,5663000000.0,2394000,2297000,4075000000.0,144100,0,4130,200,2.1749,100,10492123388.0,Asia,Central Asia,Non-NATO
Hungary,4632200,3794462,118269,41600,20000,15000,80,12,0,3,17,0,0,50,8,220,11502,24,295,0,0,121180,0,0,0,0,0,0,0,0,5887250000.0,151250000000.0,389207000000.0,46422000000.0,109,4954000,0,1,7687,203601,36000,179000,12100000.0,1523000000.0,9485000000.0,3738000000.0,4293000,4694000,2633000000.0,103000,0,2106,1622,1.0429,57,179000000000.0,Europe,Eastern Europe,NATO
Sweden,4235934,3558185,105898,25600,34000,104400,172,73,0,6,36,3,1,53,0,110,27576,24,0,0,279,39816,0,0,4,0,0,7,116,8,15900000000.0,1102690000000.0,668628000000.0,62569000000.0,206,5699000,92,361,10910,197964,11000,270000,0.0,0.0,889924000.0,0.0,1042000,3170000,5000000.0,450295,3218,2211,2052,0.4834,26,586000000000.0,Europe,Northern Europe,NATO
Honduras,4192843,3144632,95292,52225,0,23000,45,6,7,10,10,1,0,11,0,22,4666,0,48,0,98,121180,0,0,0,0,0,0,93,0,612300000.0,7785000000.0,71297000000.0,8036000000.0,129,4296000,8,489,699,14742,20,71000,0.0,0.0,0.0,0.0,0,144000,0.0,112090,832,1575,465,2.2575,103,31717700115.0,Americas,Latin America and the Caribbean,Non-NATO
Austria,4035592,3632033,98648,25000,125600,0,90,15,0,11,23,0,0,41,0,56,5160,30,0,0,0,121180,0,0,0,0,0,0,0,0,6103900800.0,693000000000.0,581131000000.0,35406000000.0,62,4768000,0,1,6123,126233,18000,244000,35200000.0,618209000.0,8136000000.0,5040000000.0,1288000,5403000,0.0,83871,0,2524,358,1.3759,67,471000000000.0,Europe,Western Europe,Non-NATO
Israel,3949099,3281513,131637,169500,465000,35000,597,239,45,14,148,19,13,127,48,1300,62380,323,171,228,82,40638,0,0,6,0,0,7,66,0,34600000000.0,163350000000.0,472177000000.0,214544000000.0,40,4710000,5,41,1497,20391,15000,219000,12730000.0,22886000000.0,11510000000.0,176018000000.0,0,5297000,0.0,21937,273,1068,0,0.2707,15,522000000000.0,Asia,Western Asia,Non-NATO
Singapore,3918498,2628408,66313,51000,252500,12000,235,100,0,9,36,9,11,75,20,170,17244,48,89,24,101,93244,0,0,6,0,6,6,55,4,18000000000.0,1884750000000.0,800304000000.0,383946000000.0,9,3722000,5,3202,0,3500,0,1514000,0.0,0.0,13724000000.0,0.0,0,1153000,0.0,719,193,0,0,0.5272,29,467000000000.0,Asia,South-eastern Asia,Non-NATO
Switzerland,3898653,3163225,97466,147178,0,5000,141,40,0,16,43,3,0,39,0,134,6885,133,0,0,0,121180,0,0,0,0,0,0,0,0,8372658426.0,2420000000000.0,741035000000.0,909366000000.0,66,5153000,0,17,5296,83131,300,194000,0.0,0.0,3138000000.0,0.0,0,126000,0.0,41277,0,1770,1292,0.8396,46,808000000000.0,Europe,Western Europe,Non-NATO
Libya,3827857,3290485,125141,32000,0,100000,83,10,1,12,35,0,0,22,4,55,2728,20,38,25,5,121180,0,0,0,0,1,0,2,0,1474800000.0,3654200000.0,90609000000.0,92894000000.0,75,2585000,14,96,0,34000,1245000,207000,48363000000.0,11832000000.0,9212000000.0,1505000000000.0,0,0,0.0,1759540,1770,4339,0,1.7872,80,45752336036.0,Africa,Northern Africa,Non-NATO
Paraguay,3535598,3001497,150451,15650,168500,14800,49,0,4,12,14,1,0,18,0,10,2876,6,50,0,73,121180,0,0,0,0,0,0,64,0,416800000.0,13783000000.0,112919000000.0,9886000000.0,83,3502000,1,108,30,78811,2000,52000,0.0,0.0,0.0,0.0,0,700,0.0,406752,0,4655,3100,1.7974,81,41722295362.0,Americas,Latin America and the Caribbean,Non-NATO
Laos,3499565,2521277,159071,100000,30000,120000,29,0,0,2,7,0,0,20,0,160,7725,50,97,64,51,121180,0,0,0,0,0,0,47,0,355600000.0,9619000000.0,66905000000.0,1770000000.0,20,3585000,0,1,422,59647,0,25000,0.0,0.0,0.0,0.0,16629000,15944000,62000000.0,236800,0,5274,4600,2.8672,125,,Asia,South-eastern Asia,Non-NATO
Jordan,3463947,2983464,145262,114500,100000,35000,279,44,10,12,66,11,0,159,44,1508,25278,478,80,84,27,121180,0,0,0,0,0,0,27,0,2668500000.0,21058000000.0,109986000000.0,21939000000.0,18,3080000,1,34,509,7203,20,97000,1000000.0,187262000.0,4382000000.0,6031000000.0,0,269000,0.0,89342,26,1744,0,1.5581,74,47451499859.0,Asia,Western Asia,Non-NATO
Nicaragua,3271705,2777610,146893,45000,0,5500,17,0,0,5,1,0,0,12,0,186,6344,0,347,151,23,121180,0,0,0,0,0,0,23,0,1311600000.0,6753000000.0,52989000000.0,6105000000.0,39,3225000,5,5,0,24033,200,28000,0.0,0.0,0.0,0.0,0,0,0.0,130370,910,1253,2220,2.5894,116,15671583878.0,Americas,Latin America and the Caribbean,Non-NATO
Serbia,3259584,2574406,79827,22500,2000,600000,115,11,17,3,33,0,0,51,4,242,7190,96,150,73,30,121180,0,0,0,0,0,0,18,4,2770000000.0,21726000000.0,177093000000.0,30484000000.0,46,3230000,0,0,3333,45022,13000,88000,77500000.0,353376000.0,2939000000.0,48139000000.0,33219000,37828000,7112000000.0,77474,0,2322,587,1.2938,63,63501748652.0,Europe,Southern Europe,Non-NATO
Bulgaria,3187850,2611324,61044,36950,3000,0,71,11,5,6,26,0,0,23,4,334,6724,48,24,24,45,121180,0,0,0,0,6,3,0,17,2485350000.0,14277000000.0,219645000000.0,43698000000.0,107,3124000,2,78,4029,19512,4000,101000,15000000.0,20837000.0,2801000000.0,5663000000.0,20970000,20557000,2174000000.0,110880,354,1806,470,1.2522,62,89040398406.0,Europe,Eastern Europe,NATO
El Salvador,3181777,2512278,145831,25000,0,15000,51,0,15,3,10,0,0,28,0,0,2144,0,76,0,13,121180,0,0,0,0,0,0,8,0,1037200000.0,12668000000.0,73961000000.0,3705000000.0,27,2890000,3,5,13,9012,3,56000,0.0,0.0,226472.0,0.0,0,500,0.0,21041,307,590,422,2.9973,129,32488720000.0,Americas,Latin America and the Caribbean,Non-NATO
Kyrgyzstan,3147772,2487357,117270,23000,0,55000,7,0,0,0,0,0,0,7,2,215,5372,30,174,21,0,121180,0,0,0,0,0,0,0,0,654000000.0,3617000000.0,50907000000.0,5089000000.0,28,3197000,0,0,424,34000,6000,31000,40000000.0,31026000.0,438000000.0,5663000000.0,3685000,4212000,28499000000.0,199951,0,4573,576,2.3969,109,,Asia,Central Asia,Non-NATO
Somalia,2993973,1796384,130173,30000,0,2000,6,0,0,0,0,0,0,6,0,0,1104,0,0,0,19,121180,0,0,0,0,0,0,19,0,870000000.0,2563000000.0,26770000000.0,16747500.0,40,3439000,6,4,0,15000,0,6000,0.0,0.0,0.0,5663000000.0,0,0,0.0,637657,3025,2385,0,3.7393,137,8126105600.0,Africa,Sub-Saharan Africa,Non-NATO
Slovakia,2837461,2353424,61200,20982,0,0,48,7,0,7,11,1,0,22,0,45,6636,35,9,25,0,121180,0,0,0,0,0,0,0,0,2900000000.0,140360000000.0,218762000000.0,14452000000.0,116,2779000,0,0,3627,45106,7000,90000,9000000.0,52556000.0,60424000.0,14158000000.0,2315000,6066000,19000000.0,49035,0,1587,172,1.3911,69,,Europe,Eastern Europe,NATO
Turkmenistan,2768681,2245963,109139,36500,0,3500,91,22,27,5,11,0,0,26,10,654,11588,73,457,164,16,121180,0,0,0,0,0,0,16,0,1463000000.0,3696000000.0,134555000000.0,21073860000.0,23,2445000,0,73,5113,58592,272000,152000,600000000.0,86472000000.0,41561000000.0,11327000000000.0,0,0,799999000.0,488100,1768,4158,1300,1.7459,78,45610571429.0,Asia,Central Asia,Non-NATO
Georgia,2744538,2225036,93118,37000,205500,0,61,0,5,2,10,0,0,44,11,132,5974,67,121,42,19,121180,0,0,0,0,0,0,31,4,680000000.0,9085000000.0,91849000000.0,4447000000.0,21,1833000,3,26,1363,40044,300,34000,35000000.0,8760000.0,2796000000.0,8495000000.0,148000,384000,900999000.0,69700,310,1814,0,2.0779,95,24605375420.0,Asia,Western Asia,Non-NATO
Denmark,2628180,2126436,77651,21000,12000,51000,122,26,19,4,36,3,0,34,0,44,5930,19,0,8,50,121180,0,0,0,0,9,0,9,6,14250000000.0,611050000000.0,440558000000.0,108405000000.0,102,3210000,69,715,2682,73591,63000,151000,441000000.0,1879000000.0,2208000000.0,29534000000.0,0,1135000,0.0,43094,7314,140,400,0.8198,45,395000000000.0,Europe,Northern Europe,NATO
Ireland,2407392,1999182,57568,7557,1720,0,23,0,0,5,8,2,0,8,0,0,3296,0,0,0,8,121180,0,0,0,0,0,0,8,0,1754400500.0,3630000000000.0,620544000000.0,12698000000.0,100,2857000,21,94,1688,102227,600,159000,0.0,1447000000.0,5280000000.0,9911000000.0,0,1341000,40000000.0,70273,1448,443,956,2.0661,94,529000000000.0,Europe,Northern Europe,Non-NATO
Liberia,2392390,1913912,65247,2100,0,5500,0,0,0,0,0,0,0,0,0,0,550,0,0,0,6,121180,0,0,0,0,0,0,6,0,20700000.0,1335000000.0,9308000000.0,599660000.0,19,2607000,4,4821,429,10600,0,5000,0.0,0.0,0.0,0.0,0,0,0.0,111369,579,1667,0,3.9275,141,4001047150.0,Africa,Sub-Saharan Africa,Non-NATO
Bosnia and Herzegovina,2355176,1956316,49383,18000,8000,0,15,0,0,0,0,0,0,15,0,45,892,0,300,24,0,121180,0,0,0,0,0,0,0,0,289920000.0,5359000000.0,64641000000.0,9419000000.0,20,1356000,1,0,965,8619,0,34000,0.0,0.0,225824000.0,0.0,12311000,12304000,2264000000.0,51197,20,1543,990,3.1291,133,24527507288.0,,,Non-NATO
Finland,2306830,1912981,56264,24000,870000,53800,162,53,0,11,77,1,0,27,0,200,14866,125,667,76,165,19434,0,0,0,0,0,0,8,18,8890000000.0,726000000000.0,313591000000.0,17993000000.0,98,2898000,37,282,5918,108637,8000,175000,0.0,0.0,1157000000.0,0.0,811000,3933000,0.0,338145,1250,2563,8000,0.8673,48,281000000000.0,Europe,Northern Europe,NATO
Republic of the Congo,2256136,1353682,115856,10000,0,2500,14,2,0,4,0,0,0,8,1,61,804,3,38,30,4,121180,0,0,0,0,0,0,0,0,933360000.0,6360000000.0,39147000000.0,715391000.0,56,2563000,5,11,510,23324,267000,13000,2885000000.0,423000000.0,423000000.0,283990000000.0,0,0,0.0,342000,169,5008,1120,2.6259,117,,,,Non-NATO
Eritrea,2220385,1598677,76127,350000,680000,0,20,1,0,5,1,0,0,13,6,148,1040,45,89,44,23,121180,0,0,0,0,0,0,18,0,219000000.0,461376000.0,2534000000.0,191694000.0,11,1710000,2,9,306,16000,0,5000,0.0,0.0,0.0,0.0,0,0,0.0,117600,2234,1840,0,2.6841,119,2065001626.0,Africa,Sub-Saharan Africa,Non-NATO
New Zealand,2219321,1775457,61935,10050,3300,300,47,0,0,7,13,6,0,21,0,0,3378,0,31,0,8,121180,0,0,0,0,2,0,4,0,2455949332.0,230651000000.0,257117000000.0,22065000000.0,206,3124000,22,117,4128,94000,12000,154000,40993000.0,3770000000.0,3819000000.0,31149000000.0,3011000,2696000,6750000000.0,268838,15134,0,0,1.9258,90,247000000000.0,Oceania,Australia and New Zealand,Non-NATO
Norway,2203893,1807192,71627,33440,20100,40500,109,0,43,4,23,5,0,34,0,36,11441,28,0,0,48,66022,0,0,6,0,4,6,20,5,11189483200.0,787758000000.0,507680000000.0,81242000000.0,146,3042000,141,1720,3848,95120,2020000,229000,8122200000.0,123727000000.0,4548000000.0,1544460000000.0,120000,1096000,2000000.0,323802,25148,2566,1577,0.6679,39,579000000000.0,Europe,Northern Europe,NATO
Central African Republic,2203873,1254512,101717,30000,0,1000,8,0,8,0,0,0,0,0,0,0,270,0,0,0,0,121180,0,0,0,0,0,0,0,0,300000000.0,724179000.0,5926000000.0,374405000.0,43,2000000,0,0,0,24000,0,2000,0.0,0.0,0.0,0.0,0,0,3000000.0,622984,0,5920,2800,4.2381,143,2382618615.0,Africa,Sub-Saharan Africa,Non-NATO
Moldova,2159717,1792565,71991,6500,2000,2000,3,0,0,1,0,0,0,2,0,0,1598,4,67,11,0,121180,0,0,0,0,0,0,0,0,114114000.0,2637000000.0,39342000000.0,5848000000.0,10,1358000,0,75,1171,9488,0,22000,0.0,10000.0,2344000000.0,0.0,0,90000,0.0,33851,0,1885,558,3.6225,136,14420947884.0,Europe,Eastern Europe,Non-NATO
Lebanon,2092148,1775644,69738,80000,15000,65000,80,0,9,0,9,0,0,68,0,334,6912,12,350,11,48,121180,0,0,0,0,0,0,42,0,800000000.0,41619000000.0,65415000000.0,33301000000.0,8,1939000,5,51,401,21705,0,115000,0.0,0.0,0.0,0.0,0,166000,0.0,10400,225,484,0,2.6521,118,23131941557.0,Asia,Western Asia,Non-NATO
Croatia,2033557,1564594,53952,14325,20100,2000,67,12,0,0,26,0,0,37,0,55,4874,25,42,42,30,121180,0,0,0,0,0,0,11,1,2744000000.0,60500000000.0,164825000000.0,3336000000.0,45,1733000,16,384,2617,26958,11000,70000,71000000.0,741456000.0,2502000000.0,24919000000.0,0,596000,0.0,56594,5835,2237,4714,1.5432,73,70964606465.0,Europe,Southern Europe,NATO
Panama,2011608,1206965,53643,16300,0,80000,38,0,0,13,0,2,0,23,0,0,1550,0,0,0,22,121180,0,0,0,0,0,0,14,0,1069750000.0,1227090000000.0,164484000000.0,6856000000.0,77,2206000,12,8174,77,11978,0,131000,0.0,0.0,389611000.0,0.0,0,863000,0.0,75420,2490,687,800,3.5011,135,76522511781.0,Americas,Latin America and the Caribbean,Non-NATO
Sierra Leone,2006631,1203978,45605,13000,0,0,1,0,0,0,0,0,0,1,0,0,350,0,0,0,10,121180,0,0,0,0,0,0,10,0,450000000.0,1451000000.0,26728000000.0,495699000.0,8,2863000,3,584,0,11701,0,9000,0.0,0.0,0.0,0.0,0,0,0.0,71740,402,1093,800,3.9201,140,3970343852.0,Africa,Sub-Saharan Africa,Non-NATO
Mongolia,1870555,1552233,62352,35000,230000,50000,8,0,0,3,2,0,0,3,0,420,11040,0,500,130,0,121180,0,0,0,0,0,0,0,0,1590000000.0,8379000000.0,59221000000.0,5508000000.0,37,1449000,0,318,1815,113200,15000,39000,0.0,0.0,0.0,0.0,68824000,8941000,2520000000.0,1564116,0,8082,580,1.9987,93,16810883361.0,Asia,Eastern Asia,Non-NATO
Kuwait,1726095,1449920,37660,78000,24000,7500,133,47,0,2,13,0,3,68,16,367,7472,51,0,27,123,121180,0,0,0,0,0,0,106,0,7987000000.0,60500000000.0,225947000000.0,50728000000.0,6,3003000,6,176,0,5749,2910000,430000,101500000000.0,19285000000.0,26083000000.0,1784000000000.0,0,60000,0.0,17818,499,475,0,1.7161,76,185000000000.0,Asia,Western Asia,Non-NATO
Lithuania,1708321,1332490,36795,23000,104000,14150,9,0,0,5,0,0,0,4,0,0,4553,16,54,0,13,121180,0,0,0,0,0,0,5,4,5651760000.0,48400000000.0,136227000000.0,7406000000.0,64,1548000,2,59,1911,83821,4000,67000,12000000.0,0.0,1601000000.0,0.0,0,166000,0.0,65300,90,1545,441,1.8949,88,70334299008.0,Europe,Northern Europe,NATO
Mauritania,1687936,1181555,82233,31540,66000,5000,23,0,4,7,6,2,0,4,0,51,5024,0,75,0,6,121180,0,0,0,0,0,0,6,0,270625000.0,3072000000.0,33069000000.0,2039000000.0,25,1210000,2,11,728,12253,0,32000,20000000.0,0.0,0.0,28317000000.0,0,0,0.0,1030700,754,5002,1086,2.7919,123,10375460680.0,Africa,Sub-Saharan Africa,Non-NATO
Armenia,1666988,1366335,44651,65000,210000,5000,69,4,14,3,12,0,0,36,20,109,1412,104,193,100,0,121180,0,0,0,0,0,0,0,0,1480000000.0,6002000000.0,60909000000.0,3685000000.0,11,1510000,0,0,686,7700,0,15000,0.0,0.0,2861000000.0,0.0,300,19000,317000000.0,29743,0,1570,0,2.2016,101,19502783988.0,Asia,Western Asia,Non-NATO
Uruguay,1575652,1322177,54805,24000,0,5000,43,0,6,6,12,5,2,12,0,62,5968,16,83,4,16,121180,0,0,0,0,0,0,5,2,1903440000.0,54450000000.0,108502000000.0,17378000000.0,65,1768000,8,58,1673,77732,400,50000,0.0,0.0,86037000.0,0.0,0,8000,0.0,176215,660,1591,1600,2.1537,97,71177146197.0,Americas,Latin America and the Caribbean,Non-NATO
Albania,1522479,1292554,62142,7500,0,500,20,0,0,1,0,0,0,19,0,0,1492,10,0,270,33,121180,0,0,0,0,0,0,33,0,720037190.0,5363000000.0,51360000000.0,6516000000.0,3,1370000,3,69,424,3581,14000,21000,150000000.0,50623000.0,50623000.0,5692000000.0,473000,255000,522000000.0,28748,362,691,41,1.7258,77,18882095518.0,Europe,Southern Europe,NATO
Oman,1482757,1291559,50726,100000,0,10000,128,29,10,9,45,4,0,31,0,264,11380,24,144,0,17,22490,0,0,0,0,0,5,8,0,8364000000.0,55986700000.0,193591000000.0,18287000000.0,37,2696000,7,57,0,60230,1056000,218000,5375000000.0,40754000000.0,27364000000.0,651287000000.0,0,82000,0.0,309500,2092,1561,0,1.8823,86,115000000000.0,Asia,Western Asia,Non-NATO
Botswana,1029281,617568,24507,12000,0,0,45,10,0,9,10,0,0,16,0,45,1224,12,36,20,0,121180,0,0,0,0,0,0,0,0,581000000.0,1761000000.0,45553000000.0,3456000000.0,122,1173000,0,0,888,31747,0,22000,0.0,0.0,0.0,0.0,2242000,1351000,1660000000.0,581730,0,4347,0,2.9993,130,20352322157.0,Africa,Sub-Saharan Africa,Non-NATO
Slovenia,1006989,826570,22867,7000,26000,5000,40,0,0,5,23,0,0,16,0,54,4636,17,18,0,3,121180,0,0,0,0,0,0,3,0,1782000000.0,60500000000.0,103118000000.0,2832000000.0,42,1058000,2,8,1207,38125,4,44000,0.0,3863000.0,840902000.0,0.0,2440000,2309000,95000000.0,20273,47,1211,710,1.9404,91,62117768015.0,Europe,Southern Europe,NATO
North Macedonia,948216,783773,27763,10010,60000,3500,20,0,0,0,10,0,0,10,4,0,1878,0,156,18,0,121180,0,0,0,0,0,0,0,0,421527100.0,5637000000.0,43844000000.0,5252000000.0,13,779200,0,0,699,15170,0,24000,0.0,0.0,274928000.0,0.0,4000000,5344000,332000000.0,25713,0,838,0,2.4956,114,13563132057.0,,,NATO
Gabon,932940,532758,46647,5000,0,2500,25,6,0,3,0,0,0,16,0,0,424,0,4,28,5,121180,0,0,0,0,0,0,4,0,340950000.0,6442000000.0,48045000000.0,1447000000.0,42,824400,9,87,649,14300,204000,14000,2000000000.0,463000000.0,463000000.0,25995000000.0,0,0,0.0,267667,885,3261,1600,3.0432,132,21071739228.0,Africa,Sub-Saharan Africa,Non-NATO
Kosovo,917371,743387,17794,4000,5000,500,0,0,0,0,0,0,0,0,0,0,1357,0,0,0,0,121180,0,0,0,0,0,0,0,0,1177450000.0,785739000.0,25019000000.0,1310000000.0,2,500300,0,0,437,2248,0,16000,0.0,0.0,0.0,0.0,6924000,6931000,1564000000.0,10887,0,714,0,3.8041,139,9429156202.0,,,Non-NATO
Bahrain,846120,720768,17236,18400,110000,1500,137,28,0,3,40,0,0,66,34,150,5196,38,26,18,64,121180,0,0,0,0,2,2,50,0,997015509.0,54450000000.0,93937000000.0,4949000000.0,3,913300,4,184,0,4122,190000,72000,186500000.0,18005000000.0,17924000000.0,81382000000.0,0,0,0.0,760,161,0,0,1.6731,75,44390820479.0,Asia,Western Asia,Non-NATO
Latvia,810561,648449,16211,17870,38000,12500,3,0,0,0,0,0,0,3,0,0,3410,47,0,0,18,121180,0,0,0,0,0,0,11,6,42000000.0,48598440000.0,72516000000.0,5141000000.0,55,954900,5,83,2216,57972,2000,33000,0.0,0.0,828214000.0,0.0,0,20000,0.0,64589,498,1370,300,2.2316,102,41153912663.0,Europe,Northern Europe,NATO
Qatar,638022,490001,12760,26550,4000,5500,263,115,6,12,45,0,0,85,24,62,5576,46,12,16,125,121180,0,0,0,0,0,4,107,0,11950000000.0,205700000000.0,317064000000.0,53987000000.0,8,2123000,6,123,0,7039,1818000,268000,25244000.0,169595000000.0,41515000000.0,23861000000000.0,0,0,0.0,11586,563,87,0,1.4096,71,237000000000.0,Asia,Western Asia,Non-NATO
Namibia,616805,400923,30840,17567,0,5000,36,11,0,5,13,0,0,7,2,7,2402,0,50,55,15,121180,0,0,0,0,0,2,15,0,450498000.0,9680000000.0,31154000000.0,3356000000.0,259,1131000,2,15,2628,48875,0,23000,0.0,0.0,0.0,62297000000.0,0,24000,350000000.0,824292,1572,4220,0,2.7414,122,12607436976.0,Africa,Sub-Saharan Africa,Non-NATO
Estonia,584958,456028,13132,7700,230000,10000,2,0,0,2,0,0,0,0,0,0,2579,48,0,6,8,121180,0,0,0,0,0,0,4,4,2375000000.0,29040000000.0,57001000000.0,2075000000.0,34,756200,20,72,1441,89382,24000,27000,0.0,0.0,354912000.0,0.0,0,800,0.0,45228,3794,657,335,2.3201,106,38100812959.0,Europe,Northern Europe,NATO
Bhutan,203446,122067,4423,16000,50000,0,2,0,0,0,0,0,0,2,0,0,78,0,0,0,0,121180,0,0,0,0,0,0,0,0,26600000.0,2827000000.0,11517000000.0,941018000.0,4,406500,0,0,0,12205,0,4000,0.0,0.0,0.0,0.0,4000,105000,0.0,38394,0,1136,0,5.7991,145,2539551327.0,Asia,Southern Asia,Non-NATO
Beliz,158000,90226,8732,2000,850,0,3,0,0,1,0,1,0,1,0,0,164,0,0,0,15,121180,0,0,0,0,0,0,15,0,34400000.0,1235000000.0,5538000000.0,498087000.0,27,190000,2,774,0,3281,800,5000,6700000.0,0.0,0.0,0.0,0,0,0.0,22966,386,542,825,4.3602,144,,,,Non-NATO
Luxembourg,154388,92633,3356,1200,0,0,1,0,0,1,0,0,0,0,0,0,476,0,0,0,0,121180,0,0,0,0,0,0,0,0,1530685000.0,5203000000000.0,86871000000.0,2789000000.0,3,350000,0,147,271,2746,0,51000,0.0,0.0,594240000.0,0.0,0,34000,0.0,2586,0,327,37,2.4429,110,82274812251.0,Europe,Western Europe,NATO
Montenegro,143964,85179,3599,2350,0,5500,10,0,0,0,0,0,0,10,0,0,946,0,12,12,20,121180,0,0,0,0,0,0,14,0,204000000.0,3643000000.0,17375000000.0,1741000000.0,5,245300,4,18,250,7762,0,9000,0.0,0.0,0.0,0.0,1862000,1658000,337000000.0,13812,294,680,0,2.9782,128,6095978868.0,Europe,Southern Europe,NATO
Suriname,142287,84079,3234,2500,0,200,3,0,0,0,0,0,0,3,0,0,1250,0,0,0,17,121180,0,0,0,0,0,0,17,0,58440000.0,2645000000.0,12316000000.0,1632000000.0,55,255500,4,13,0,4304,14000,17000,89000000.0,7109000.0,6967000.0,0.0,0,0,0.0,163820,386,1907,1200,4.0538,142,3620655116.0,Americas,Latin America and the Caribbean,Non-NATO
Iceland,83728,50237,1820,0,0,0,0,0,0,0,0,0,0,0,0,0,350,0,0,0,0,121180,0,0,0,0,0,0,0,0,500000000.0,24200000000.0,26561000000.0,6403000000.0,82,248400,43,39,0,12905,0,19000,0.0,0.0,0.0,0.0,0,137000,0.0,100250,4970,0,0,3.4013,134,27841648044.0,Europe,Northern Europe,NATO
