country,power_index,total_population,total_military_manpower,fit_for_service,population_reaching_military_age_annually,active_personnel,reserve_personnel,paramilitary,total_military_aircraft,fighter_aircraft,attack_aircraft,transport_aircraft,trainer_aircraft,special_mission_aircraft,tanker_aircraft,total_military_helicopters,attack_helicopters,tanks,armored_fighting_vehicles,self_propelled_artillery,towed_artillery,rocket_projectors,total_naval_fleet,total_naval_fleet_tonnage_mt,aircraft_carriers,helicopter_carriers,submarines,destroyers,frigates,corvettes,coastal_patrol_craft,mine_warfare_craft,defense_budget_usd,external_debt_usd,purchasing_power_parity_usd,foreign_exchange_and_gold_reserves_usd,total_serviceable_airports,labour_force,major_ports_and_terminals,total_merchant_marine_fleet,railway_coverage_km,roadway_coverage_km,oil_production_bbl,oil_consumption_bbl,proven_oil_reserves_bbl,natural_gas_production_cum,natural_gas_consumption_cum,proven_natural_gas_reserves_cum,coal_production_cum,coal_consumption_mt,proven_coal_reserves_cum,total_land_area_sq_km,coastline_coverage_km,border_coverage_km,waterway_coverage_km,continent,region,gdp,alliance
United States,0.0741,341963408,150463900,124816644,4445524,1333030,799500,0,13032,1791,926,917,2610,611,610,5913,1024,4666,409660,1521,1878,1731,465,8265799,11,9,66,83,0,27,0,4,831500000000,24538900710000,25676000000000,910037000000,16116,174174000,666,3533,293564 km,6586610 km,20953000 bbl,20307000 bbl,38212000000 bbl,1029000000000 Cu.M,914301000000 Cu.M,13402000000000 Cu.M,534234000 Cu.M,495156000 mt,247883000000 Cu.M,9833517 km,19924 km,12002 km,41009 km,Americas,Northern America,25500000000000.0,NATO
Russia,0.0791,140820810,69002197,46189226,1267387,1320000,2000000,250000,4237,861,698,458,530,137,18,1643,556,5630,126512,3603,5920,2486,747,1426539,1,0,66,13,12,79,70,45,212638272000,226475750000,6089000000000,597217000000,905,72517000,67,2910,85494 km,1283387 km,10879000 bbl,3863000 bbl,80000000000 bbl,617830000000 Cu.M,472239000000 Cu.M,47805000000000 Cu.M,531130000 Cu.M,290763000 mt,162166000000 Cu.M,17098242 km,37653 km,22407 km,102000 km,Europe,Eastern Europe,92021865893.5,NATO
China,0.0919,1415043270,764123366,626864169,19810606,2035000,510000,625000,3529,1443,371,287,401,105,9,1007,281,5870,152040,2940,1400,2770,841,3192411,3,4,61,53,46,50,150,36,303000000000,488114000000,33598000000000,3456000000000,552,773880000,66,8314,150000 km,5200000 km,4984000 bbl,16189000 bbl,26023000000 bbl,225341000000 Cu.M,366160000000 Cu.M,6654000000000 Cu.M,4805000000 Cu.M,5191000000 mt,157041000000 Cu.M,9596960 km,14500 km,22457 km,27700 km,Asia,Eastern Asia,18000000000000.0,NATO
India,0.1346,1409128296,662290299,522786598,23955181,1431000,1000000,2527000,2183,476,124,277,334,72,6,594,79,3913,163554,100,5640,300,343,631989,2,0,18,13,18,21,146,0,109000000000,212728000000,14244000000000,643043000000,315,607691000,56,1859,65554 km,6371847 km,822000 bbl,5271000 bbl,4605000000 bbl,33170000000 Cu.M,58867000000 Cu.M,1381000000000 Cu.M,1020000000 Cu.M,1262000000 mt,127727000000 Cu.M,3287263 km,7000 km,13888 km,14500 km,Asia,Southern Asia,3390000000000.0,NATO
South Korea,0.1642,52081799,26040900,21353538,416654,450000,3100000,120000,1540,242,98,40,335,35,4,827,113,1831,117460,2780,5800,525,215,427946,0,2,22,14,18,3,96,14,44800000000,553871450000,2607000000000,418219000000,92,29713000,15,2149,3979 km,100428 km,38000 bbl,2542000 bbl,0 bbl,55127000 Cu.M,59480000000 Cu.M,7079000000 Cu.M,16081000 Cu.M,136817000 mt,326000000 Cu.M,99720 km,2413 km,237 km,1600 km,Asia,Eastern Asia,92021865893.5,NATO
France,0.1798,68374591,30084820,23794358,752121,264000,43444,150000,974,223,0,118,140,44,15,452,67,427,110784,74,0,9,166,487471,1,3,9,11,5,0,22,19,67232395000,7691315390000,3732000000000,282857000000,1218,31725000,66,553,27860 km,1053215 km,80000 bbl,1536000 bbl,61719000 bbl,20132000 Cu.M,37001000000 Cu.M,7787000000 Cu.M,2157000 Cu.M,12570000 mt,160000000 Cu.M,643801 km,4853 km,4072 km,8501 km,Europe,Western Europe,2780000000000.0,NATO
Japan,0.1876,123201945,52976836,42874277,1108818,251500,56000,25000,1429,217,47,53,399,135,10,583,118,734,54390,193,480,99,158,798062,0,4,23,41,8,0,6,18,58000000000,5147667910000,5715000000000,1231000000000,280,69382000,163,5229,27311 km,1218772 km,8000 bbl,3140000 bbl,44115000 bbl,2220000000 Cu.M,92843000000 Cu.M,20898000000 Cu.M,27657000 Cu.M,197612000 mt,350000000 Cu.M,377915 km,29751 km,0 km,1770 km,Asia,Eastern Asia,4230000000000.0,NATO
United Kingdom,0.1881,68459055,31491165,25192932,753050,141330,31940,0,625,103,38,30,201,29,9,262,50,288,94064,14,126,43,116,406308,2,0,10,6,7,0,26,8,88526529585,10553123900000,3636000000000,174598000000,1057,35359000,185,868,16390 km,416461 km,753000 bbl,1406000 bbl,2500000000 bbl,37758000000 Cu.M,70141000000 Cu.M,180661000000 Cu.M,1568000 Cu.M,7372000 mt,26000000 Cu.M,243610 km,12429 km,499 km,3200 km,Europe,Northern Europe,3070000000000.0,NATO
Turkiye,0.1975,84119531,42985080,36087279,1430032,481000,380000,150000,1101,201,0,84,301,27,7,509,111,2284,98193,1045,635,237,192,349739,0,1,14,0,17,9,40,11,51400000000,149654000000,3018000000000,154744000000,116,36081000,54,1170,11497 km,68526 km,83000 bbl,1107000 bbl,366000000 bbl,379701000 Cu.M,52887000000 Cu.M,3794000000 Cu.M,82534000 Cu.M,124183000 mt,10975000000 Cu.M,783562 km,7200 km,2816 km,1200 km,Asia,Sub-Saharan Africa,92021865893.5,NATO
Italy,0.2211,60964931,27434219,22191235,548684,165500,18300,105000,714,88,65,31,152,22,8,352,37,203,87364,64,108,21,285,387892,2,0,8,3,14,0,15,10,37325165000,3025000000000,3133000000000,290547000000,655,25828000,123,1276,18475 km,228863 km,111000 bbl,1245000 bbl,497934000 bbl,3117000000 Cu.M,68735000000 Cu.M,45750000000 Cu.M,1572000 Cu.M,12424000 mt,609999000 Cu.M,301340 km,7600 km,1836 km,2400 km,Europe,Southern Europe,2010000000000.0,NATO
Brazil,0.2374,220051512,112226271,88680759,3520824,376000,1340000,200000,495,44,30,107,124,25,0,186,0,294,22464,149,412,82,69,166419,0,1,6,0,8,2,22,4,26400000000,198582000000,4165000000000,329732000000,5297,106790000,45,888,29850 km,2000000 km,4221000 bbl,3163000 bbl,12715000000 bbl,22670000000 Cu.M,31654000000 Cu.M,363985000000 Cu.M,15556000 Cu.M,32223000 mt,6596000000 Cu.M,8515770 km,7491 km,16145 km,50000 km,Americas,Latin America and the Caribbean,1920000000000.0,NATO
Germany,0.2463,84119100,38694786,30955829,841191,184324,860000,0,569,127,63,55,16,27,3,292,49,296,87338,134,0,33,96,241492,0,0,6,0,11,6,54,12,127400090000,6862470230000,5247000000000,377936000000,840,43772000,35,595,39379 km,830000 km,131000 bbl,2062000 bbl,115200000 bbl,4824000000 Cu.M,77516000000 Cu.M,23390000000 Cu.M,109741000 Cu.M,140994000 mt,35400000000 Cu.M,357022 km,2389 km,3694 km,7300 km,Europe,Western Europe,4070000000000.0,NATO
Indonesia,0.2582,281562465,137965608,114595923,4786562,404500,401000,250000,460,41,34,73,114,15,1,212,15,331,28064,153,396,67,338,324754,0,0,4,0,10,26,211,10,11155297716,225273000000,4102000000000,155708000000,556,143144000,123,11422,8159 km,496607 km,865000 bbl,1645000 bbl,2480000000 bbl,57410000000 Cu.M,36061000000 Cu.M,1408000000000 Cu.M,783453000 Cu.M,281159000 mt,35055000000 Cu.M,1904569 km,54716 km,2958 km,21579 km,Asia,South-eastern Asia,1320000000000.0,NATO
Pakistan,0.2626,252363571,108516336,85803614,4794908,660000,550000,500000,1397,331,90,63,563,27,4,379,55,2677,59044,662,2629,652,120,115187,0,0,8,0,9,6,79,3,9102115350,89148000000,1390000000000,18408000000,117,83644000,3,60,11881 km,264175 km,91000 bbl,645000 bbl,540000000 bbl,36937000000 Cu.M,46448000000 Cu.M,592219000000 Cu.M,13765000 Cu.M,30191000 mt,2857000000 Cu.M,796095 km,1046 km,7257 km,0 km,Asia,Southern Asia,377000000000.0,NATO
Israel,0.2707,9402617,3949099,3281513,131637,169500,465000,35000,597,239,45,14,148,19,13,127,48,1300,62380,323,171,228,82,40638,0,0,6,0,0,7,66,0,34600000000,163350000000,472177000000,214544000000,40,4710000,5,41,1497 km,20391 km,15000 bbl,219000 bbl,12730000 bbl,22886000000 Cu.M,11510000000 Cu.M,176018000000 Cu.M,0 Cu.M,5297000 mt,0 Cu.M,21937 km,273 km,1068 km,0 km,Asia,Western Asia,522000000000.0,NATO
Iran,0.3199,88386937,49496685,41541860,1414191,610000,350000,220000,551,188,21,86,103,10,6,129,13,2675,75939,424,1803,1550,109,283516,0,0,25,0,7,3,21,1,9230000000,6759000000,1486000000000,120600000000,177,28575000,18,965,8484 km,223485 km,4112000 bbl,2415000 bbl,208600000000 bbl,263280000000 Cu.M,244890000000 Cu.M,33987000000000 Cu.M,2209000 Cu.M,3032000 mt,1203000000 Cu.M,1648195 km,2440 km,5894 km,850 km,Asia,Southern Asia,92021865893.5,NATO
Australia,0.3208,26768598,11242811,9208398,294455,58910,33270,0,348,24,71,37,107,31,6,72,22,46,17118,0,48,8,45,199898,0,2,6,3,7,0,13,3,57350000000,3770254730000,1635000000000,60404000000,2257,14912000,66,604,32606 km,873573 km,386000 bbl,1151000 bbl,2446000000 bbl,153783000000 Cu.M,50188000000 Cu.M,3228000000000 Cu.M,445077000 Cu.M,95667000 mt,149472000000 Cu.M,7741220 km,25760 km,0 km,2000 km,Oceania,Australia and New Zealand,1680000000000.0,NATO
Spain,0.3247,47280433,21748999,17635602,330963,121802,24033,78470,440,136,12,51,108,8,0,169,17,298,49324,96,188,0,175,249889,1,0,2,0,11,0,112,6,39000676350,2830012130000,2361000000000,107774000000,365,24386000,52,503,15489 km,150110 km,47000 bbl,1325000 bbl,150000000 bbl,41009000 Cu.M,32833000000 Cu.M,2549000000 Cu.M,1280000 Cu.M,7388000 mt,1187000000 Cu.M,505370 km,4964 km,1953 km,1000 km,Europe,Southern Europe,1400000000000.0,NATO
Egypt,0.3651,111247248,45611372,38269053,1668709,438500,479000,300000,1088,242,90,53,344,11,0,348,100,3620,54694,1056,962,648,149,235989,0,2,8,0,13,7,61,17,5193500000,117272000000,1958000000000,44921000000,73,33749000,31,441,5085 km,65050 km,667000 bbl,830000 bbl,3300000000 bbl,64817000000 Cu.M,60089000000 Cu.M,1784000000000 Cu.M,69000 Cu.M,3262000 mt,182000000 Cu.M,1001450 km,2450 km,2612 km,3500 km,Africa,Northern Africa,92021865893.5,NATO
Ukraine,0.3691,35661826,18187531,12731272,392280,900000,4000000,100000,347,88,30,22,72,5,0,140,39,1121,45458,682,625,288,169,22266,0,0,0,0,0,0,133,5,45000000000,90003000000,577583000000,43781000000,152,20539000,26,410,21733 km,169694 km,3000 bbl,192000 bbl,395000000 bbl,18725000000 Cu.M,22856000000 Cu.M,1104000000000 Cu.M,19603000 Cu.M,25012000 mt,34375000000 Cu.M,603550 km,2782 km,5581 km,1672 km,Europe,Eastern Europe,161000000000.0,NATO
Poland,0.3891,38746310,18985692,15576017,464956,250000,350000,50000,457,58,12,44,112,11,0,224,29,798,57972,593,0,298,63,55530,0,0,1,0,2,2,3,29,55865141600,425641700000,1649000000000,223115000000,318,18245000,10,152,19461 km,427580 km,24000 bbl,743000 bbl,113000000 bbl,5551000000 Cu.M,20056000000 Cu.M,91492000000 Cu.M,96720000 Cu.M,99932000 mt,27758000000 Cu.M,312685 km,440 km,2845 km,3997 km,Europe,Eastern Europe,688000000000.0,NATO
Taiwan,0.3927,23595274,12269542,1061787,306739,230000,1657000,55000,720,258,0,19,215,18,0,239,91,1090,24067,488,1360,223,91,244050,0,0,4,4,21,7,36,10,31180000000,229900000000,1743000000000,541898500000,57,11842940,8,465,1613 km,43206 km,800 bbl,954000 bbl,2380000 bbl,63747000 Cu.M,21157000000 Cu.M,6230000000 Cu.M,5212000 Cu.M,64609000 mt,1000000 Cu.M,35980 km,1566 km,0 km,0 km,Asia,Eastern Asia,92021865893.5,NATO
Vietnam,0.4066,105758975,54994667,45053323,1797903,450000,5000000,250000,265,61,0,6,91,3,0,101,0,1999,69914,30,3250,774,116,102147,0,0,6,0,9,17,27,8,10200000000,34426000000,1456000000000,83082000000,36,57133000,16,1973,2600 km,195468 km,187000 bbl,544000 bbl,4400000000 bbl,7676000000 Cu.M,7676000000 Cu.M,699426000000 Cu.M,51519000 Cu.M,96099000 mt,3116000000 Cu.M,331210 km,3444 km,4616 km,47130 km,Asia,South-eastern Asia,409000000000.0,NATO
Thailand,0.4458,69920998,36358919,27968399,1118736,360850,200000,25000,496,73,26,52,134,25,0,258,7,744,52590,59,595,17,304,133523,0,1,0,0,7,5,254,5,6006660000,37065000000,1558000000000,236934000000,105,40623000,21,884,4127 km,180053 km,386000 bbl,1397000 bbl,252750000 bbl,30797000000 Cu.M,48898000000 Cu.M,138243000000 Cu.M,12812000 Cu.M,42371000 mt,1063000000 Cu.M,513120 km,3219 km,5673 km,4000 km,Asia,South-eastern Asia,495000000000.0,NATO
Saudi Arabia,0.4473,36544431,19003104,17468238,621255,247000,0,150000,917,283,81,49,202,16,22,264,34,1085,22370,380,557,327,32,49727,0,0,0,0,7,9,9,3,63988055520,248171000000,2213000000000,463870000000,90,17168000,16,433,5410 km,221372 km,11174000 bbl,3524000 bbl,258600000000 bbl,121870000000 Cu.M,121870000000 Cu.M,9423000000000 Cu.M,0 Cu.M,66000 mt,0 Cu.M,2149690 km,2640 km,4272 km,0 km,Asia,Western Asia,1110000000000.0,NATO
Sweden,0.4834,10589835,4235934,3558185,105898,25600,34000,104400,172,73,0,6,36,3,1,53,0,110,27576,24,0,0,279,39816,0,0,4,0,0,7,116,8,15900000000,1102693570000,668628000000,62569000000,206,5699000,92,361,10910 km,197964 km,11000 bbl,270000 bbl,0 bbl,0 Cu.M,889924000 Cu.M,0 Cu.M,1042000 Cu.M,3170000 mt,5000000 Cu.M,450295 km,3218 km,2211 km,2052 km,Europe,Northern Europe,586000000000.0,NATO
Algeria,0.4849,47022473,22570787,19185169,752360,130000,150000,150000,620,111,42,63,90,10,4,300,74,1485,24920,224,483,188,111,83480,0,0,6,0,8,8,75,3,25000000000,4764000000,722912000000,83007000000,95,13294000,17,119,4020 km,112696 km,1443000 bbl,446000 bbl,12200000000 bbl,100726000000 Cu.M,47963000000 Cu.M,4504000000000 Cu.M,0 Cu.M,3000 mt,233000000 Cu.M,2381740 km,998 km,6734 km,0 km,Africa,Northern Africa,192000000000.0,NATO
Canada,0.5269,38794813,16681770,13500595,426743,63500,23000,5500,354,66,0,29,95,34,6,146,0,74,21780,0,0,0,67,119637,0,0,4,0,12,0,17,0,45824959620,2571113270000,2341000000000,119778000000,1425,22868000,284,716,49422 km,1042300 km,5688000 bbl,2377000 bbl,170300000000 bbl,187686000000 Cu.M,130316000000 Cu.M,2067126000000 Cu.M,50687000 Cu.M,20092000 mt,6582000000 Cu.M,9984670 km,202080 km,8893 km,636 km,Americas,Northern America,2140000000000.0,NATO
Singapore,0.5272,6028459,3918498,2628408,66313,51000,252500,12000,235,100,0,9,36,9,11,75,20,170,17244,48,89,24,101,93244,0,0,6,0,6,6,55,4,18000000000,1884751660000,800304000000,383946000000,9,3722000,5,3202,0 km,3500 km,0 bbl,1514000 bbl,0 bbl,0 Cu.M,13724000000 Cu.M,0 Cu.M,0 Cu.M,1153000 mt,0 Cu.M,719 km,193 km,0 km,0 km,Asia,South-eastern Asia,467000000000.0,NATO
Greece,0.5484,10461091,4916713,3985676,104611,142700,221350,55000,560,178,0,17,86,8,0,285,28,1344,56416,589,698,152,186,215808,0,0,9,0,14,0,45,3,8242150000,605000000000,192205000000,15222000000,82,4655000,57,1215,2345 km,117000 km,5000 bbl,308000 bbl,10000000 bbl,3284000 Cu.M,5173000000 Cu.M,991090000 Cu.M,10469000 Cu.M,10091000 mt,2876000000 Cu.M,131957 km,13676 km,1110 km,6 km,Europe,Southern Europe,219000000000.0,NATO
North Korea,0.5933,26298666,9467520,5312331,420779,1320000,560000,100000,837,341,114,1,176,0,0,205,20,4895,47792,1300,700,1500,332,143304,0,0,24,2,2,8,227,1,4750000000,6050000000,15416000000,5500000000,81,17637000,10,264,7435 km,25554 km,0 bbl,18000 bbl,0 bbl,0 Cu.M,0 Cu.M,0 Cu.M,21927000 Cu.M,22105000 mt,10600000000 Cu.M,120538 km,2495 km,1607 km,2250 km,Asia,Sub-Saharan Africa,92021865893.5,NATO
Argentina,0.5983,46994384,20677529,17575900,704916,108000,12370,20000,241,23,11,25,71,13,2,96,0,362,22432,20,172,27,42,122128,0,0,2,3,0,6,13,0,993919790,74362000000,1213000000000,29560000000,764,22286000,37,201,17866 km,240000 km,807000 bbl,749000 bbl,2483000000 bbl,43280000000 Cu.M,46228000000 Cu.M,396464000000 Cu.M,869000 Cu.M,2534000 mt,799999000 Cu.M,2780400 km,4989 km,11968 km,11000 km,Americas,Latin America and the Caribbean,633000000000.0,NATO
Nigeria,0.6097,236747130,125475979,90437404,4261448,230000,0,50000,159,14,24,12,28,12,0,69,15,330,12219,40,339,37,152,38052,0,0,0,0,1,0,132,2,3900000000,45009000000,1318000000000,38612000000,50,113350000,28,928,3798 km,195000 km,1541000 bbl,527000 bbl,36890000000 bbl,39951000000 Cu.M,20719000000 Cu.M,5761000000000 Cu.M,1322000 Cu.M,1326000 mt,2144000000 Cu.M,923768 km,853 km,4477 km,8600 km,Africa,Sub-Saharan Africa,477000000000.0,NATO
Netherlands,0.6142,17772378,7997570,6486918,195496,44245,8510,5000,130,0,38,4,21,0,0,67,16,18,6689,46,0,4,140,147606,0,0,3,0,6,0,76,3,31791150000,5257949730000,1276000000000,79129000000,44,10315000,18,1187,3055 km,139027 km,70000 bbl,840000 bbl,137747000 bbl,17774000000 Cu.M,33243000000 Cu.M,132608000000 Cu.M,1761000 Cu.M,12796000 mt,3247000000 Cu.M,41543 km,451 km,1053 km,6237 km,Europe,Western Europe,991000000000.0,NATO
Myanmar,0.6265,57527139,30489384,21975367,1035489,228000,19000,55000,331,70,20,33,120,5,0,86,9,1040,11576,225,1680,1520,239,89240,0,0,3,0,6,3,146,2,2815031361,8748000000,287559000000,8590400000,74,22742000,7,101,5031 km,157000 km,7000 bbl,122000 bbl,139000000 bbl,16780000000 Cu.M,3788000000 Cu.M,637129000000 Cu.M,1031000 Cu.M,907000 mt,252000000 Cu.M,676578 km,1930 km,6522 km,12800 km,Asia,South-eastern Asia,59364362541.0,NATO
Mexico,0.6401,130739927,61447766,49811912,2222579,387000,98653,120000,424,2,32,40,175,25,0,173,0,0,23548,35,0,0,164,10190,0,0,0,0,1,3,142,0,9100000000,306308000000,2883000000000,232035000000,1580,60959000,35,674,23389 km,704884 km,2101000 bbl,1741000 bbl,5786000000 bbl,31422000000 Cu.M,90566000000 Cu.M,180322000000 Cu.M,6296000 Cu.M,15132000 mt,1160000000 Cu.M,1964375 km,9330 km,4389 km,2900 km,Americas,Latin America and the Caribbean,1410000000000.0,NATO
Bangladesh,0.6517,168697184,82661620,66129296,3205246,204000,0,6800000,212,41,0,17,83,4,0,67,0,320,11584,36,487,103,121,75280,0,0,2,0,7,6,61,5,3340000000,58020000000,1473000000000,21395000000,17,77355000,2,558,2460 km,369105 km,13000 bbl,263000 bbl,28000000 bbl,24620000000 Cu.M,30384000000 Cu.M,126293000000 Cu.M,767000 Cu.M,14050000 mt,3260000000 Cu.M,148460 km,580 km,4413 km,8370 km,Asia,Southern Asia,460000000000.0,NATO
Portugal,0.6659,10639726,5319863,4096295,127677,25000,23500,23300,128,28,5,20,23,16,4,36,0,34,10419,23,54,0,128,42755,0,0,2,0,5,2,71,0,6760000000,530000000000,556942000000,55160000000,136,5332100,36,1158,3622 km,136635 km,12932 bbl,200000 bbl,22440000 bbl,0 Cu.M,3700000000 Cu.M,72000000000 Cu.M,0 Cu.M,0 mt,40000000 Cu.M,92090 km,1793 km,1224 km,764 km,Europe,Southern Europe,252000000000.0,NATO
Norway,0.6679,5509733,2203893,1807192,71627,33440,20100,40500,109,0,43,4,23,5,0,34,0,36,11441,28,0,0,48,66022,0,0,6,0,4,6,20,5,11189483200,787758400000,507680000000,81242000000,146,3042000,141,1720,3848 km,95120 km,2020000 bbl,229000 bbl,8122200000 bbl,123727000000 Cu.M,4548000000 Cu.M,1544455000000 Cu.M,120000 Cu.M,1096000 mt,2000000 Cu.M,323802 km,25148 km,2566 km,1577 km,Europe,Northern Europe,579000000000.0,NATO
South Africa,0.6843,60442647,27803618,14989776,1027525,68731,29350,50000,181,2,0,11,81,0,0,87,10,248,23024,52,434,201,63,43881,0,0,3,0,4,0,42,4,2877000000,93879000000,870420000000,65435000000,573,27766000,8,110,30400 km,750000 km,88000 bbl,609000 bbl,15000000 bbl,59128000 Cu.M,4487000000 Cu.M,0 Cu.M,239712000 Cu.M,176095000 mt,9893000000 Cu.M,1219090 km,2798 km,5244 km,0 km,Africa,Sub-Saharan Africa,406000000000.0,NATO
Philippines,0.6993,118277063,50859137,41751803,2128987,160000,1500000,35000,204,0,17,23,23,11,0,130,6,18,20551,12,296,0,127,84578,0,0,0,0,4,1,60,0,6571641011,63241000000,1202000000000,106195000000,256,50979000,70,2203,77 km,216387 km,10000 bbl,457000 bbl,138500000 bbl,2251000000 Cu.M,2251000000 Cu.M,98543000000 Cu.M,14457000 Cu.M,42859000 mt,361000000 Cu.M,300000 km,36289 km,0 km,3219 km,Asia,South-eastern Asia,404000000000.0,NATO
Malaysia,0.7379,34564810,16245461,13480276,553037,113000,51600,100000,132,25,11,15,31,6,4,45,0,48,15415,0,196,36,100,67735,0,0,2,0,2,4,72,4,5100000000,8748000000,1212000000000,116229000000,100,18264000,35,1750,1851 km,144403 km,582000 bbl,672000 bbl,3600000000 bbl,75456000000 Cu.M,42499000000 Cu.M,1189000000000 Cu.M,4476000 Cu.M,35741000 mt,226000000 Cu.M,329847 km,4675 km,2742 km,7200 km,Asia,South-eastern Asia,406000000000.0,NATO
Colombia,0.7551,49588357,24298295,19190694,843002,429000,998000,150000,430,16,24,82,72,27,1,255,0,0,12780,6,110,0,213,31090,0,0,4,0,9,2,158,0,15800000000,108027000000,978024000000,61898000000,661,26822000,14,153,2141 km,206102 km,800000 bbl,374000 bbl,2036000000 bbl,11290000000 Cu.M,11451000000 Cu.M,87782000000 Cu.M,52376000 Cu.M,9720000 mt,4554000000 Cu.M,1138910 km,3208 km,6672 km,24725 km,Americas,Latin America and the Caribbean,344000000000.0,NATO
Iraq,0.8115,42083436,17675043,14308368,715418,193000,0,100000,360,26,36,15,111,17,0,183,39,1188,37496,434,610,572,67,32565,0,0,0,0,0,1,55,0,8000000000,15580000000,585887000000,100691000000,73,12008000,6,74,2272 km,59623 km,4448000 bbl,1043000 bbl,145019000000 bbl,9860000000 Cu.M,19298000000 Cu.M,3729000000000 Cu.M,0 Cu.M,0 mt,0 Cu.M,438317 km,58 km,3809 km,5279 km,Asia,Western Asia,264000000000.0,NATO
Denmark,0.8198,5973136,2628180,2126436,77651,21000,12000,51000,122,26,19,4,36,3,0,34,0,44,5930,19,0,8,50,121180,0,0,0,0,9,0,9,6,14250000000,611050000000,440558000000,108405000000,102,3210000,69,715,2682 km,73591 km,63000 bbl,151000 bbl,441000000 bbl,1879000000 Cu.M,2208000000 Cu.M,29534000000 Cu.M,0 Cu.M,1135000 mt,0 Cu.M,43094 km,7314 km,140 km,400 km,Europe,Northern Europe,395000000000.0,NATO
Switzerland,0.8396,8860574,3898653,3163225,97466,147178,0,5000,141,40,0,16,43,3,0,39,0,134,6885,133,0,0,0,10190,0,0,0,0,0,0,0,0,8372658426,2420000000000,741035000000,909366000000,66,5153000,0,17,5296 km,83131 km,300 bbl,194000 bbl,0 bbl,0 Cu.M,3138000000 Cu.M,0 Cu.M,0 Cu.M,126000 mt,0 Cu.M,41277 km,0 km,1770 km,1292 km,Europe,Western Europe,808000000000.0,NATO
Ethiopia,0.8525,118550298,56904143,35327989,2726657,503000,138000,0,104,25,0,9,34,0,0,33,7,338,8586,142,469,79,0,10190,0,0,0,0,0,0,0,0,3720968976,25426000000,380895000000,3784000000,58,54470000,0,12,659 km,180000 km,0 bbl,102000 bbl,428000 bbl,0 Cu.M,0 Cu.M,24919000000 Cu.M,456000 Cu.M,1653000 mt,0 Cu.M,1104300 km,0 km,5925 km,0 km,Africa,Sub-Saharan Africa,127000000000.0,NATO
Finland,0.8673,5626414,2306830,1912981,56264,24000,870000,53800,162,53,0,11,77,1,0,27,0,200,14866,125,667,76,165,19434,0,0,0,0,0,0,8,18,8890000000,726000000000,313591000000,17993000000,98,2898000,37,282,5918 km,108637 km,8000 bbl,175000 bbl,0 bbl,0 Cu.M,1157000000 Cu.M,0 Cu.M,811000 Cu.M,3933000 mt,0 Cu.M,338145 km,1250 km,2563 km,8000 km,Europe,Northern Europe,281000000000.0,NATO
Chile,0.8704,18664652,8959033,7521855,298634,80000,40000,50000,274,45,0,33,92,18,5,86,0,386,7480,48,249,9,130,176065,0,0,4,0,8,0,40,0,6800000000,235950000000,596556000000,44403000000,379,10088000,39,249,7282 km,77801 km,11000 bbl,404000 bbl,150000000 bbl,1200000000 Cu.M,6916000000 Cu.M,97976000000 Cu.M,474000 Cu.M,8087000 mt,1181000000 Cu.M,756102 km,6435 km,7801 km,12290 km,Americas,Latin America and the Caribbean,301000000000.0,NATO
Peru,0.8827,32600249,15648120,12681497,619405,120000,386000,60000,252,15,22,39,68,12,0,112,16,355,9168,12,290,61,78,171629,0,0,6,0,7,8,13,0,2552000000,38102000000,535911000000,79246000000,174,18918000,20,111,1855 km,70000 km,118000 bbl,255000 bbl,858890000 bbl,12270000000 Cu.M,7185000000 Cu.M,300159000000 Cu.M,1382000 Cu.M,973000 mt,1567000000 Cu.M,1285216 km,2414 km,7062 km,8808 km,Americas,Latin America and the Caribbean,243000000000.0,NATO
Venezuela,0.9106,31250306,15625153,12812625,625006,109000,8000,220000,224,30,0,47,75,3,1,85,10,282,15168,60,92,56,41,10190,0,0,3,0,1,0,26,0,6060000000,121363000000,110943000000,9944750000,509,11136000,31,272,447 km,96189 km,801000 bbl,203000 bbl,303806000000 bbl,17696000000 Cu.M,17696000000 Cu.M,5674000000000 Cu.M,149000 Cu.M,80000 mt,730999000 Cu.M,912050 km,2800 km,5267 km,7100 km,Americas,Latin America and the Caribbean,92021865893.5,NATO
Romania,0.9558,18148155,9437041,7731114,199630,90000,55000,15000,148,29,0,13,44,2,0,66,0,451,13266,0,720,243,18,10190,0,0,0,0,3,7,0,7,10230630000,145200000000,774376000000,73391000000,103,8263000,11,127,10628 km,85387 km,67000 bbl,220000 bbl,600000000 bbl,9501000000 Cu.M,10055000000 Cu.M,105480000000 Cu.M,14752000 Cu.M,15533000 mt,291000000 Cu.M,238391 km,225 km,2844 km,1731 km,Europe,Eastern Europe,301000000000.0,NATO
Uzbekistan,0.9908,36520593,18990708,15959499,730412,120000,0,20000,159,26,13,12,7,0,0,101,34,470,8692,177,236,108,0,10190,0,0,0,0,0,0,0,0,6210000000,25714000000,379989000000,41237000000,74,13974000,0,0,4642 km,225500 km,64000 bbl,111000 bbl,594000000 bbl,47500000000 Cu.M,43227000000 Cu.M,1841000000000 Cu.M,6379000 Cu.M,8941000 mt,1375000000 Cu.M,447400 km,420 km,6893 km,1100 km,Asia,Central Asia,80391853885.0,NATO
United Arab Emirates,1.0188,10032213,5818684,4945881,80258,65000,130000,12000,581,99,40,35,151,27,5,250,30,354,8982,165,99,49,84,20210,0,0,0,0,0,11,34,2,23480000000,290400000000,745994000000,237931000000,42,7090000,20,655,0 km,4080 km,4146000 bbl,846000 bbl,97800000000 bbl,56683000000 Cu.M,66091000000 Cu.M,6091000000 Cu.M,0 Cu.M,5411000 mt,0 Cu.M,83600 km,1318 km,1066 km,0 km,Asia,Western Asia,508000000000.0,NATO
Czechia,1.0313,10837890,5093808,4129236,97541,30334,4900,0,103,12,16,10,21,2,0,42,4,20,6275,53,0,16,0,10190,0,0,0,0,0,0,0,0,9174000000,232320000000,521928000000,146281000000,252,5541000,0,0,9548 km,129418 km,4000 bbl,219000 bbl,15000000 bbl,224725000 Cu.M,7602000000 Cu.M,3964000000 Cu.M,31946000 Cu.M,33239000 mt,3595000000 Cu.M,78867 km,0 km,2046 km,664 km,Asia,Sub-Saharan Africa,92021865893.5,NATO
Morocco,1.0368,37387585,17946041,15254135,635589,400000,250000,50000,271,84,0,31,77,4,2,73,6,1346,17594,544,188,185,100,10190,0,0,0,0,6,1,84,0,16100000000,42262000000,350594000000,37134000000,48,12475000,12,94,2067 km,57300 km,25 bbl,296000 bbl,684000 bbl,82595000 Cu.M,243201000 Cu.M,1444000000 Cu.M,0 Cu.M,10304000 mt,96000000 Cu.M,715550 km,1835 km,2363 km,0 km,Africa,Northern Africa,134000000000.0,NATO
Hungary,1.0429,9855745,4632200,3794462,118269,41600,20000,15000,80,12,0,3,17,0,0,50,8,220,11502,24,295,0,0,10190,0,0,0,0,0,0,0,0,5887250000,151250000000,389207000000,46422000000,109,4954000,0,1,7687 km,203601 km,36000 bbl,179000 bbl,12100000 bbl,1523000000 Cu.M,9485000000 Cu.M,3738000000 Cu.M,4293000 Cu.M,4694000 mt,2633000000 Cu.M,103000 km,0 km,2106 km,1622 km,Europe,Eastern Europe,179000000000.0,NATO
Kazakhstan,1.0433,20260006,9117003,6928922,283640,110000,135000,55000,168,37,13,21,25,0,0,72,12,353,17460,126,194,287,26,10190,0,0,0,0,0,0,23,2,5836386000,25765000000,739385000000,45808000000,132,10285000,0,122,16636 km,96167 km,1955000 bbl,386000 bbl,30000000000 bbl,27011000000 Cu.M,22623000000 Cu.M,2407000000000 Cu.M,120279000 Cu.M,86349000 mt,25605000000 Cu.M,2724900 km,26 km,13364 km,43983 km,Asia,Central Asia,221000000000.0,NATO
Angola,1.1045,37202061,7440412,3720206,372021,107000,0,10000,278,67,6,32,56,2,0,115,14,319,2258,25,575,116,32,10190,0,0,0,0,0,0,32,0,31200000000,45299000000,278239000000,14243000000,107,15961000,21,64,2761 km,76000 km,1175000 bbl,121000 bbl,7783000000 bbl,5514000000 Cu.M,1397000000 Cu.M,343002000000 Cu.M,0 Cu.M,0 mt,0 Cu.M,1246700 km,1600 km,5369 km,1300 km,Africa,Sub-Saharan Africa,107000000000.0,NATO
Azerbaijan,1.1991,10650239,5218617,3908638,159754,128000,306000,15000,159,12,20,4,36,0,0,87,16,1354,14448,135,651,696,32,10190,0,0,4,0,0,0,17,4,5100000000,12378000000,225198000000,12699000000,32,5020000,0,312,2944 km,24981 km,618000 bbl,109000 bbl,7000000000 bbl,34175000000 Cu.M,11759000000 Cu.M,1699000000000 Cu.M,0 Cu.M,6000 mt,0 Cu.M,86600 km,713 km,2468 km,0 km,Asia,Western Asia,78721058824.0,NATO
Belgium,1.2201,11977634,4910830,3880753,119776,26390,6600,0,104,44,12,7,27,0,0,14,0,0,3588,0,0,0,9,10190,0,0,0,0,2,0,2,5,14900000000,1594190730000,749229000000,41449000000,48,5416000,7,198,3602 km,118414 km,11000 bbl,596000 bbl,0 bbl,13436000 Cu.M,15347000000 Cu.M,0 Cu.M,1269000 Cu.M,4372000 mt,4100000000 Cu.M,30528 km,67 km,1297 km,2043 km,Europe,Western Europe,579000000000.0,NATO
Bulgaria,1.2522,6782659,3187850,2611324,61044,36950,3000,0,71,11,5,6,26,0,0,23,4,334,6724,48,24,24,45,10190,0,0,0,0,6,3,0,17,2485350000,14277000000,219645000000,43698000000,107,3124000,2,78,4029 km,19512 km,4000 bbl,101000 bbl,15000000 bbl,20837000 Cu.M,2801000000 Cu.M,5663000000 Cu.M,20970000 Cu.M,20557000 mt,2174000000 Cu.M,110880 km,354 km,1806 km,470 km,Europe,Eastern Europe,89040398406.0,NATO
Serbia,1.2938,6652212,3259584,2574406,79827,22500,2000,600000,115,11,17,3,33,0,0,51,4,242,7190,96,150,73,30,10190,0,0,0,0,0,0,18,4,2770000000,21726000000,177093000000,30484000000,46,3230000,0,0,3333 km,45022 km,13000 bbl,88000 bbl,77500000 bbl,353376000 Cu.M,2939000000 Cu.M,48139000000 Cu.M,33219000 Cu.M,37828000 mt,7112000000 Cu.M,77474 km,0 km,2322 km,587 km,Europe,Southern Europe,63501748652.0,NATO
Democratic Republic of the Congo,1.3051,115403027,39237029,31389623,2538867,166580,30800,10000,56,0,6,10,2,0,0,38,9,212,7164,16,125,81,16,10190,0,0,0,0,0,0,16,0,960000000,7926000000,164367000000,3898125000,273,38546000,3,24,4007 km,152373 km,19000 bbl,35000 bbl,180000000 bbl,380000 Cu.M,380000 Cu.M,991090000 Cu.M,0 Cu.M,304000 mt,987999000 Cu.M,2344858 km,37 km,10481 km,15000 km,Asia,Sub-Saharan Africa,92021865893.5,NATO
Cuba,1.3345,10966038,5921661,4737328,142558,50000,40000,1145000,20,11,0,4,3,0,0,13,4,194,7792,140,364,200,19,10190,0,0,0,0,1,1,6,4,3301500000,36372600000,81165000000,10442000000,120,489000,34,65,8367 km,60000 km,34000 bbl,118000 bbl,124000000 bbl,659434000 Cu.M,659434000 Cu.M,70792000000 Cu.M,0 Cu.M,1000 mt,0 Cu.M,110860 km,3735 km,29 km,240 km,Americas,Latin America and the Caribbean,92021865893.5,NATO
Sudan,1.3563,50467278,26747657,17108407,1312149,300000,200000,17500,183,37,36,13,33,0,0,64,35,1055,8890,100,1150,800,10,10190,0,0,0,0,0,0,10,0,394700000,21650000000,94420000000,192348850,45,10949000,4,14,7251 km,31000 km,68000 bbl,129000 bbl,1250000000 bbl,0 Cu.M,0 Cu.M,84951000000 Cu.M,0 Cu.M,0 mt,0 Cu.M,1861484 km,853 km,6819 km,4068 km,Africa,Northern Africa,51662241775.0,NATO
Austria,1.3759,8967982,4035592,3632033,98648,25000,125600,0,90,15,0,11,23,0,0,41,0,56,5160,30,0,0,0,10190,0,0,0,0,0,0,0,0,6103900800,693000000000,581131000000,35406000000,62,4768000,0,1,6123 km,126233 km,18000 bbl,244000 bbl,35200000 bbl,618209000 Cu.M,8136000000 Cu.M,5040000000 Cu.M,1288000 Cu.M,5403000 mt,0 Cu.M,83871 km,0 km,2524 km,358 km,Europe,Western Europe,471000000000.0,NATO
Sri Lanka,1.3822,21982608,10551652,8551235,307757,346000,90000,0,90,6,0,15,7,3,0,49,8,87,15021,0,96,28,275,32636,0,0,0,0,5,0,259,0,1500000000,42198000000,301407000000,6094000000,18,8499000,6,96,1562 km,114093 km,0 bbl,100000 bbl,0 bbl,0 Cu.M,0 Cu.M,0 Cu.M,0 Cu.M,2323000 mt,0 Cu.M,65610 km,1340 km,0 km,160 km,Asia,Southern Asia,74403578363.0,NATO
Slovakia,1.3911,5563649,2837461,2353424,61200,20982,0,0,48,7,0,7,11,1,0,22,0,45,6636,35,9,25,0,10190,0,0,0,0,0,0,0,0,2900000000,140360000000,218762000000,14452000000,116,2779000,0,0,3627 km,45106 km,7000 bbl,90000 bbl,9000000 bbl,52556000 Cu.M,60424000 Cu.M,14158000000 Cu.M,2315000 Cu.M,6066000 mt,19000000 Cu.M,49035 km,0 km,1587 km,172 km,Europe,Eastern Europe,92021865893.5,NATO
Belarus,1.4072,9501451,5035769,3724569,104516,63000,365400,55000,194,43,50,4,27,0,0,70,31,577,6820,357,190,206,0,10190,0,0,0,0,0,0,0,0,1034784000,18010000000,265220000000,8912000000,46,4817000,0,4,5528 km,86600 km,30000 bbl,125000 bbl,198000000 bbl,73929000 Cu.M,16683000000 Cu.M,2832000000 Cu.M,0 Cu.M,710000 mt,0 Cu.M,207600 km,0 km,3599 km,2500 km,Europe,Eastern Europe,72793457588.0,NATO
Qatar,1.4096,2552088,638022,490001,12760,26550,4000,5500,263,115,6,12,45,0,0,85,24,62,5576,46,12,16,125,10190,0,0,0,0,0,4,107,0,11950000000,205700000000,317064000000,53987000000,8,2123000,6,123,0 km,7039 km,1818000 bbl,268000 bbl,25244000 bbl,169595000000 Cu.M,41515000000 Cu.M,23861000000000 Cu.M,0 Cu.M,0 mt,0 Cu.M,11586 km,563 km,87 km,0 km,Asia,Western Asia,237000000000.0,NATO
Ecuador,1.4479,18309984,8422593,6738074,329580,41250,118000,1500,99,0,0,20,34,8,0,43,0,202,5322,5,106,24,30,10190,0,0,2,0,2,6,5,0,2963400000,39658000000,252728000000,6908000000,317,8821000,6,154,965 km,43950 km,480000 bbl,272000 bbl,8273000000 bbl,309778000 Cu.M,309778000 Cu.M,10902000000 Cu.M,0 Cu.M,14000 mt,24000000 Cu.M,283560 km,2237 km,2237 km,1500 km,Americas,Latin America and the Caribbean,115000000000.0,NATO
Croatia,1.5432,4150116,2033557,1564594,53952,14325,20100,2000,67,12,0,0,26,0,0,37,0,55,4874,25,42,42,30,10190,0,0,0,0,0,0,11,1,2744000000,60500000000,164825000000,3336000000,45,1733000,16,384,2617 km,26958 km,11000 bbl,70000 bbl,71000000 bbl,741456000 Cu.M,2502000000 Cu.M,24919000000 Cu.M,0 Cu.M,596000 mt,0 Cu.M,56594 km,5835 km,2237 km,4714 km,Europe,Southern Europe,70964606465.0,NATO
Jordan,1.5581,11174024,3463947,2983464,145262,114500,100000,35000,279,44,10,12,66,11,0,159,44,1508,25278,478,80,84,27,10190,0,0,0,0,0,0,27,0,2668500000,21058000000,109986000000,21939000000,18,3080000,1,34,509 km,7203 km,20 bbl,97000 bbl,1000000 bbl,187262000 Cu.M,4382000000 Cu.M,6031000000 Cu.M,0 Cu.M,269000 mt,0 Cu.M,89342 km,26 km,1744 km,0 km,Asia,Western Asia,47451499859.0,NATO
Bahrain,1.6731,1566888,846120,720768,17236,18400,110000,1500,137,28,0,3,40,0,0,66,34,150,5196,38,26,18,64,10190,0,0,0,0,2,2,50,0,997015509,54450000000,93937000000,4949000000,3,913300,4,184,0 km,4122 km,190000 bbl,72000 bbl,186500000 bbl,18005000000 Cu.M,17924000000 Cu.M,81382000000 Cu.M,0 Cu.M,0 mt,0 Cu.M,760 km,161 km,0 km,0 km,Asia,Western Asia,44390820479.0,NATO
Kuwait,1.7161,3138355,1726095,1449920,37660,78000,24000,7500,133,47,0,2,13,0,3,68,16,367,7472,51,0,27,123,10190,0,0,0,0,0,0,106,0,7987000000,60500000000,225947000000,50728000000,6,3003000,6,176,0 km,5749 km,2910000 bbl,430000 bbl,101500000000 bbl,19285000000 Cu.M,26083000000 Cu.M,1784000000000 Cu.M,0 Cu.M,60000 mt,0 Cu.M,17818 km,499 km,475 km,0 km,Asia,Western Asia,185000000000.0,NATO
Albania,1.7258,3107100,1522479,1292554,62142,7500,0,500,20,0,0,1,0,0,0,19,0,0,1492,10,0,270,33,10190,0,0,0,0,0,0,33,0,720037190,5363000000,51360000000,6516000000,3,1370000,3,69,424 km,3581 km,14000 bbl,21000 bbl,150000000 bbl,50623000 Cu.M,50623000 Cu.M,5692000000 Cu.M,473000 Cu.M,255000 mt,522000000 Cu.M,28748 km,362 km,691 km,41 km,Europe,Southern Europe,18882095518.0,NATO
Turkmenistan,1.7459,5744151,2768681,2245963,109139,36500,0,3500,91,22,27,5,11,0,0,26,10,654,11588,73,457,164,16,10190,0,0,0,0,0,0,16,0,1463000000,3696000000,134555000000,21073860000,23,2445000,0,73,5113 km,58592 km,272000 bbl,152000 bbl,600000000 bbl,86472000000 Cu.M,41561000000 Cu.M,11327000000000 Cu.M,0 Cu.M,0 mt,799999000 Cu.M,488100 km,1768 km,4158 km,1300 km,Asia,Central Asia,92021865893.5,NATO
Tunisia,1.7823,12048847,6024424,5181004,204830,89800,0,12000,155,10,0,12,28,4,0,101,0,145,13927,0,105,0,37,10190,0,0,0,0,1,1,30,0,2172751250,21212000000,156086000000,9344000000,14,4247000,16,72,2173 km,32332 km,35000 bbl,104000 bbl,425000000 bbl,1323000000 Cu.M,5153000000 Cu.M,65129000000 Cu.M,0 Cu.M,2000 mt,0 Cu.M,163610 km,1148 km,1495 km,0 km,Africa,Northern Africa,46664948952.0,NATO
Libya,1.7872,7361263,3827857,3290485,125141,32000,0,100000,83,10,1,12,35,0,0,22,4,55,2728,20,38,25,5,10190,0,0,0,0,1,0,2,0,1474800000,3654200000,90609000000,92894000000,75,2585000,14,96,0 km,34000 km,1245000 bbl,207000 bbl,48363000000 bbl,11832000000 Cu.M,9212000000 Cu.M,1505000000000 Cu.M,0 Cu.M,0 mt,0 Cu.M,1759540 km,1770 km,4339 km,0 km,Africa,Northern Africa,45752336036.0,NATO
Paraguay,1.7974,7522549,3535598,3001497,150451,15650,168500,14800,49,0,4,12,14,1,0,18,0,10,2876,6,50,0,73,10190,0,0,0,0,0,0,64,0,416800000,13783000000,112919000000,9886000000,83,3502000,1,108,30 km,78811 km,2000 bbl,52000 bbl,0 bbl,0 Cu.M,0 Cu.M,0 Cu.M,0 Cu.M,700 mt,0 Cu.M,406752 km,0 km,4655 km,3100 km,Americas,Latin America and the Caribbean,41722295362.0,NATO
Bolivia,1.8301,12311974,5417269,4112199,233928,40000,40000,0,67,0,0,15,20,2,0,29,0,54,764,0,58,0,67,10190,0,0,0,0,0,0,50,0,467670000,11174000000,122200000000,1977000000,201,6859000,0,50,3690 km,90568 km,58000 bbl,100000 bbl,240900000 bbl,13760000000 Cu.M,3055000000 Cu.M,302990000000 Cu.M,0 Cu.M,9000 mt,1000000 Cu.M,1098581 km,0 km,7252 km,10000 km,Americas,Latin America and the Caribbean,43068885673.0,NATO
Cambodia,1.8434,17063669,8190561,5733393,307146,124300,0,10000,24,0,0,4,0,0,0,20,0,520,5439,30,525,521,20,10190,0,0,0,0,0,0,20,0,750000000,8019000000,123676000000,22506000000,12,9904000,2,195,642 km,61810 km,0 bbl,77000 bbl,0 bbl,0 Cu.M,0 Cu.M,0 Cu.M,27000 Cu.M,4390000 mt,0 Cu.M,181035 km,443 km,2530 km,3700 km,Asia,South-eastern Asia,29956769529.0,NATO
Kenya,1.8588,58246378,21551160,14037377,931942,50000,0,25000,154,17,0,21,30,2,0,84,2,188,9114,18,53,0,27,10190,0,0,0,0,0,0,18,0,1651803025,31451000000,328632000000,10067000000,368,23781000,4,26,3819 km,161452 km,0 bbl,113000 bbl,0 bbl,0 Cu.M,0 Cu.M,0 Cu.M,0 Cu.M,1453000 mt,0 Cu.M,580367 km,536 km,3457 km,0 km,Africa,Sub-Saharan Africa,113000000000.0,NATO
Chad,1.8594,19093595,6873694,3856906,381872,37750,0,5000,40,0,7,7,8,2,0,16,3,90,4345,10,13,16,0,10190,0,0,0,0,0,0,0,0,706800000,2286000000,52895000000,1050000000,44,6600000,0,0,0 km,40000 km,124000 bbl,15000 bbl,1500000000 bbl,0 Cu.M,0 Cu.M,0 Cu.M,0 Cu.M,0 mt,0 Cu.M,1284000 km,0 km,6406 km,12400 km,Africa,Sub-Saharan Africa,12704149842.0,NATO
Oman,1.8823,3901992,1482757,1291559,50726,100000,0,10000,128,29,10,9,45,4,0,31,0,264,11380,24,144,0,17,22490,0,0,0,0,0,5,8,0,8364000000,55986700000,193591000000,18287000000,37,2696000,7,57,0 km,60230 km,1056000 bbl,218000 bbl,5375000000 bbl,40754000000 Cu.M,27364000000 Cu.M,651287000000 Cu.M,0 Cu.M,82000 mt,0 Cu.M,309500 km,2092 km,1561 km,0 km,Asia,Western Asia,115000000000.0,NATO
Syria,1.8861,23865423,15273871,13245310,668232,100000,0,50000,104,52,5,2,8,0,0,39,7,168,18736,60,0,0,12,10190,0,0,0,0,0,0,8,0,145925000,4441250000,98858000000,307766250,42,6617000,3,24,2052 km,69873 km,65000 bbl,102000 bbl,2500000000 bbl,3085000000 Cu.M,3084000000 Cu.M,240693000000 Cu.M,0 Cu.M,15000 mt,0 Cu.M,187437 km,193 km,2363 km,900 km,Asia,Western Asia,92021865893.5,NATO
Lithuania,1.8949,2628186,1708321,1332490,36795,23000,104000,14150,9,0,0,5,0,0,0,4,0,0,4553,16,54,0,13,10190,0,0,0,0,0,0,5,4,5651760000,48400000000,136227000000,7406000000,64,1548000,2,59,1911 km,83821 km,4000 bbl,67000 bbl,12000000 bbl,0 Cu.M,1601000000 Cu.M,0 Cu.M,0 Cu.M,166000 mt,0 Cu.M,65300 km,90 km,1545 km,441 km,Europe,Northern Europe,70334299008.0,NATO
Tanzania,1.9111,67462121,12143182,6678750,607159,25000,0,6500,38,11,0,6,6,0,0,15,0,200,8408,0,205,70,12,10190,0,0,0,0,0,0,10,0,1476113361,17513000000,246706000000,5371525000,206,32983000,8,381,4097 km,145203 km,0 bbl,85000 bbl,0 bbl,1808000000 Cu.M,1808000000 Cu.M,6513000000 Cu.M,2341000 Cu.M,740000 mt,1410000000 Cu.M,947300 km,1424 km,4161 km,0 km,Africa,Sub-Saharan Africa,75709289056.0,NATO
New Zealand,1.9258,5161211,2219321,1775457,61935,10050,3300,300,47,0,0,7,13,6,0,21,0,0,3378,0,31,0,8,10190,0,0,0,0,2,0,4,0,2455949332,230651410000,257117000000,22065000000,206,3124000,22,117,4128 km,94000 km,12000 bbl,154000 bbl,40993000 bbl,3770000000 Cu.M,3819000000 Cu.M,31149000000 Cu.M,3011000 Cu.M,2696000 mt,6750000000 Cu.M,268838 km,15134 km,0 km,0 km,Oceania,Australia and New Zealand,247000000000.0,NATO
Slovenia,1.9404,2097893,1006989,826570,22867,7000,26000,5000,40,0,0,5,23,0,0,16,0,54,4636,17,18,0,3,10190,0,0,0,0,0,0,3,0,1782000000,60500000000,103118000000,2832000000,42,1058000,2,8,1207 km,38125 km,4 bbl,44000 bbl,0 bbl,3863000 Cu.M,840902000 Cu.M,0 Cu.M,2440000 Cu.M,2309000 mt,95000000 Cu.M,20273 km,47 km,1211 km,710 km,Europe,Southern Europe,62117768015.0,NATO
Mozambique,1.9769,33350954,14674420,7770772,533615,11200,0,3000,23,8,2,5,1,0,0,7,2,60,3488,0,104,12,36,10190,0,0,0,0,0,0,36,0,480000000,8274000000,51786000000,3843000000,92,15173000,11,36,4787 km,30562 km,0 bbl,42000 bbl,0 bbl,5388000000 Cu.M,1347000000 Cu.M,2832000000000 Cu.M,10583000 Cu.M,13000 mt,1792000000 Cu.M,799380 km,2470 km,4783 km,460 km,Africa,Sub-Saharan Africa,17851491428.0,NATO
Mongolia,1.9987,3281676,1870555,1552233,62352,35000,230000,50000,8,0,0,3,2,0,0,3,0,420,11040,0,500,130,0,10190,0,0,0,0,0,0,0,0,1590000000,8379000000,59221000000,5508000000,37,1449000,0,318,1815 km,113200 km,15000 bbl,39000 bbl,0 bbl,0 Cu.M,0 Cu.M,0 Cu.M,68824000 Cu.M,8941000 mt,2520000000 Cu.M,1564116 km,0 km,8082 km,580 km,Asia,Eastern Asia,16810883361.0,NATO
Ireland,2.0661,5233461,2407392,1999182,57568,7557,1720,0,23,0,0,5,8,2,0,8,0,0,3296,0,0,0,8,10190,0,0,0,0,0,0,8,0,1754400500,3630000000000,620544000000,12698000000,100,2857000,21,94,1688 km,102227 km,600 bbl,159000 bbl,0 bbl,1447000000 Cu.M,5280000000 Cu.M,9911000000 Cu.M,0 Cu.M,1341000 mt,40000000 Cu.M,70273 km,1448 km,443 km,956 km,Europe,Northern Europe,529000000000.0,NATO
Georgia,2.0779,4900961,2744538,2225036,93118,37000,205500,0,61,0,5,2,10,0,0,44,11,132,5974,67,121,42,19,10190,0,0,0,0,0,0,31,4,680000000,9085000000,91849000000,4447000000,21,1833000,3,26,1363 km,40044 km,300 bbl,34000 bbl,35000000 bbl,8760000 Cu.M,2796000000 Cu.M,8495000000 Cu.M,148000 Cu.M,384000 mt,900999000 Cu.M,69700 km,310 km,1814 km,0 km,Asia,Western Asia,24605375420.0,NATO
Guatemala,2.1277,18255216,7484639,6279794,182552,106114,90000,35000,35,0,3,10,0,2,0,20,0,0,3268,0,110,0,25,10190,0,0,0,0,0,0,20,0,616000000,11862000000,232673000000,24412000000,58,7575000,3,9,800 km,17440 km,6000 bbl,117000 bbl,86110000 bbl,3276000 Cu.M,2986000 Cu.M,0 Cu.M,0 Cu.M,1012000 mt,0 Cu.M,108889 km,400 km,1667 km,990 km,Americas,Latin America and the Caribbean,95003333381.0,NATO
Uruguay,2.1537,3425330,1575652,1322177,54805,24000,0,5000,43,0,6,6,12,5,2,12,0,62,5968,16,83,4,16,10190,0,0,0,0,0,0,5,2,1903440000,54450000000,108502000000,17378000000,65,1768000,8,58,1673 km,77732 km,400 bbl,50000 bbl,0 bbl,0 Cu.M,86037000 Cu.M,0 Cu.M,0 Cu.M,8000 mt,0 Cu.M,176215 km,660 km,1591 km,1600 km,Americas,Latin America and the Caribbean,71177146197.0,NATO
Yemen,2.1617,32140443,12213368,9031464,610668,33350,0,20000,160,68,0,3,30,0,0,59,14,0,1550,12,60,30,26,10190,0,0,0,0,0,1,9,0,405187500,6492000000,18719000000,831025575,37,7848000,10,30,0 km,71300 km,15000 bbl,58000 bbl,3000000000 bbl,189432000 Cu.M,189432000 Cu.M,478555000000 Cu.M,0 Cu.M,27000 mt,0 Cu.M,527968 km,1906 km,1601 km,0 km,Asia,Western Asia,92021865893.5,NATO
Cameroon,2.1689,30966105,10528476,6224187,495458,38000,0,9000,35,0,0,6,6,2,0,21,0,0,860,18,52,20,19,10190,0,0,0,0,0,0,19,0,835694942,11112000000,143264000000,4882000000,37,11119000,7,198,987 km,77589 km,64000 bbl,41000 bbl,200000000 bbl,2595000000 Cu.M,877058000 Cu.M,135071000000 Cu.M,0 Cu.M,0 mt,0 Cu.M,475440 km,400 km,5018 km,0 km,Africa,Sub-Saharan Africa,44341646509.0,NATO
Tajikistan,2.1749,10394063,4781269,3773045,176699,150000,600000,20000,25,0,0,1,4,0,0,20,6,38,6782,3,13,24,0,10190,0,0,0,0,0,0,0,0,450460000,3024000000,50370000000,3026450000,19,2780000,0,0,680 km,30000 km,300 bbl,31000 bbl,12000000 bbl,18476000 Cu.M,85567000 Cu.M,5663000000 Cu.M,2394000 Cu.M,2297000 mt,4075000000 Cu.M,144100 km,0 km,4130 km,200 km,Asia,Central Asia,10492123388.0,NATO
Armenia,2.2016,2976765,1666988,1366335,44651,65000,210000,5000,69,4,14,3,12,0,0,36,20,109,1412,104,193,100,0,10190,0,0,0,0,0,0,0,0,1480000000,6002000000,60909000000,3685000000,11,1510000,0,0,686 km,7700 km,0 bbl,15000 bbl,0 bbl,0 Cu.M,2861000000 Cu.M,0 Cu.M,300 Cu.M,19000 mt,317000000 Cu.M,29743 km,0 km,1570 km,0 km,Asia,Western Asia,19502783988.0,NATO
Latvia,2.2316,1801246,810561,648449,16211,17870,38000,12500,3,0,0,0,0,0,0,3,0,0,3410,47,0,0,18,10190,0,0,0,0,0,0,11,6,42000000,48598440000,72516000000,5141000000,55,954900,5,83,2216 km,57972 km,2000 bbl,33000 bbl,0 bbl,0 Cu.M,828214000 Cu.M,0 Cu.M,0 Cu.M,20000 mt,0 Cu.M,64589 km,498 km,1370 km,300 km,Europe,Northern Europe,41153912663.0,NATO
Honduras,2.2575,9529188,4192843,3144632,95292,52225,0,23000,45,6,7,10,10,1,0,11,0,22,4666,0,48,0,98,10190,0,0,0,0,0,0,93,0,612300000,7785000000,71297000000,8036000000,129,4296000,8,489,699 km,14742 km,20 bbl,71000 bbl,0 bbl,0 Cu.M,0 Cu.M,0 Cu.M,0 Cu.M,144000 mt,0 Cu.M,112090 km,832 km,1575 km,465 km,Americas,Latin America and the Caribbean,31717700115.0,NATO
Mali,2.2598,21990607,6817088,4288168,351850,40000,0,4800,44,9,12,8,4,1,0,10,8,0,3717,0,50,30,0,10190,0,0,0,0,0,0,0,0,1110000000,4085000000,71253000000,647800000,30,9126000,0,0,593 km,139107 km,0 bbl,46000 bbl,0 bbl,0 Cu.M,0 Cu.M,0 Cu.M,0 Cu.M,0 mt,0 Cu.M,1240192 km,0 km,7908 km,1800 km,Africa,Sub-Saharan Africa,18827176532.0,NATO
Zimbabwe,2.2801,17150352,6517134,3721626,360157,29000,0,21800,80,9,9,14,20,0,0,28,6,60,1248,0,0,0,0,10190,0,0,0,0,0,0,0,0,1976800000,6671000000,57391000000,484973000,144,6386000,0,0,3427 km,97267 km,800 bbl,34000 bbl,0 bbl,0 Cu.M,0 Cu.M,0 Cu.M,7968000 Cu.M,6705000 mt,502000000 Cu.M,390757 km,0 km,3229 km,0 km,Africa,Sub-Saharan Africa,20678055598.0,NATO
Estonia,2.3201,1193791,584958,456028,13132,7700,230000,10000,2,0,0,2,0,0,0,0,0,0,2579,48,0,6,8,10190,0,0,0,0,0,0,4,4,2375000000,29040000000,57001000000,2075000000,34,756200,20,72,1441 km,89382 km,24000 bbl,27000 bbl,0 bbl,0 Cu.M,354912000 Cu.M,0 Cu.M,0 Cu.M,800 mt,0 Cu.M,45228 km,3794 km,657 km,335 km,Europe,Northern Europe,38100812959.0,NATO
Uganda,2.3252,49283041,16756234,9905891,985661,45000,0,10000,51,6,0,3,12,0,0,30,6,259,9702,6,26,12,0,10190,0,0,0,0,0,0,0,0,1510000000,10469000000,144137000000,3432750000,39,22829000,0,0,1244 km,20544 km,0 bbl,44000 bbl,2500000000 bbl,0 Cu.M,0 Cu.M,14158000000 Cu.M,19 Cu.M,0 mt,799999000 Cu.M,241038 km,0 km,2729 km,0 km,Africa,Sub-Saharan Africa,45559202049.0,NATO
Ivory Coast,2.3884,29981758,12292521,7855221,569653,22000,0,5500,22,0,0,3,2,3,0,14,5,0,1328,0,4,6,8,10190,0,0,0,0,0,0,7,0,18200000,26576000000,215018000000,7583484000,29,12595000,5,25,660 km,81996 km,29000 bbl,87000 bbl,100000000 bbl,2635000000 Cu.M,2635000000 Cu.M,28317000000 Cu.M,0 Cu.M,0 mt,0 Cu.M,322463 km,515 km,3458 km,980 km,Asia,Sub-Saharan Africa,92021865893.5,NATO
Kyrgyzstan,2.3969,6172101,3147772,2487357,117270,23000,0,55000,7,0,0,0,0,0,0,7,2,215,5372,30,174,21,0,10190,0,0,0,0,0,0,0,0,654000000,3617000000,50907000000,5089000000,28,3197000,0,0,424 km,34000 km,6000 bbl,31000 bbl,40000000 bbl,31026000 Cu.M,438000000 Cu.M,5663000000 Cu.M,3685000 Cu.M,4212000 mt,28499000000 Cu.M,199951 km,0 km,4573 km,576 km,Asia,Central Asia,92021865893.5,NATO
Luxembourg,2.4429,671254,154388,92633,3356,1200,0,0,1,0,0,1,0,0,0,0,0,0,476,0,0,0,0,10190,0,0,0,0,0,0,0,0,1530685000,5203000000000,86871000000,2789000000,3,350000,0,147,271 km,2746 km,0 bbl,51000 bbl,0 bbl,0 Cu.M,594240000 Cu.M,0 Cu.M,0 Cu.M,34000 mt,0 Cu.M,2586 km,0 km,327 km,37 km,Europe,Western Europe,82274812251.0,NATO
Zambia,2.4461,20799116,7279691,4139024,374384,15150,0,1200,78,0,0,13,34,0,0,33,0,75,848,12,60,50,0,10190,0,0,0,0,0,0,0,0,385321000,16597000000,79207000000,3017000000,120,7407000,0,2,3126 km,67671 km,0 bbl,34000 bbl,0 bbl,0 Cu.M,0 Cu.M,0 Cu.M,2091000 Cu.M,2081000 mt,945000000 Cu.M,752618 km,0 km,6043 km,0 km,Africa,Sub-Saharan Africa,29784454056.0,NATO
Ghana,2.4566,34589092,14873310,9961658,622604,15500,0,0,18,0,0,2,5,2,0,9,0,0,3648,0,6,6,20,10190,0,0,0,0,0,0,20,0,954423756,29241000000,243124000000,3624000000,11,13927000,4,52,947 km,65725 km,176000 bbl,96000 bbl,660000000 bbl,3192000000 Cu.M,3912000000 Cu.M,22653000000 Cu.M,0 Cu.M,51000 mt,0 Cu.M,238533 km,539 km,2420 km,1293 km,Africa,Sub-Saharan Africa,72838798788.0,NATO
South Sudan,2.4645,12703714,6351857,4065188,330297,185000,0,0,19,0,0,4,0,0,0,15,6,122,2550,24,0,15,0,10190,0,0,0,0,0,0,0,0,30700000,2722500000,6752000000,128248000,89,5091000,0,0,248 km,90200 km,146000 bbl,11000 bbl,3750000000 bbl,0 Cu.M,0 Cu.M,0 Cu.M,0 Cu.M,0 mt,0 Cu.M,644329 km,0 km,6018 km,0 km,Africa,Sub-Saharan Africa,92021865893.5,NATO
North Macedonia,2.4956,2135622,948216,783773,27763,10010,60000,3500,20,0,0,0,10,0,0,10,4,0,1878,0,156,18,0,10190,0,0,0,0,0,0,0,0,421527100,5637000000,43844000000,5252000000,13,779200,0,0,699 km,15170 km,0 bbl,24000 bbl,0 bbl,0 Cu.M,274928000 Cu.M,0 Cu.M,4000000 Cu.M,5344000 mt,332000000 Cu.M,25713 km,0 km,838 km,0 km,Asia,Sub-Saharan Africa,92021865893.5,NATO
Dominican Republic,2.5853,10815857,4975294,4034315,97343,89000,189000,30000,80,0,8,11,17,1,0,49,0,6,930,0,14,0,34,10190,0,0,0,0,0,0,14,0,903000000,35044000000,276884000000,13471000000,32,5413000,17,40,496 km,19705 km,0 bbl,146000 bbl,0 bbl,0 Cu.M,2440000000 Cu.M,0 Cu.M,0 Cu.M,2356000 mt,0 Cu.M,48320 km,1288 km,376 km,0 km,Americas,Latin America and the Caribbean,114000000000.0,NATO
Nicaragua,2.5894,6676948,3271705,2777610,146893,45000,0,5500,17,0,0,5,1,0,0,12,0,186,6344,0,347,151,23,10190,0,0,0,0,0,0,23,0,1311600000,6753000000,52989000000,6105000000,39,3225000,5,5,0 km,24033 km,200 bbl,28000 bbl,0 bbl,0 Cu.M,0 Cu.M,0 Cu.M,0 Cu.M,0 mt,0 Cu.M,130370 km,910 km,1253 km,2220 km,Americas,Latin America and the Caribbean,15671583878.0,NATO
Republic of the Congo,2.6259,6097665,2256136,1353682,115856,10000,0,2500,14,2,0,4,0,0,0,8,1,61,804,3,38,30,4,10190,0,0,0,0,0,0,0,0,933360000,6360000000,39147000000,715391000,56,2563000,5,11,510 km,23324 km,267000 bbl,13000 bbl,2885000000 bbl,423000000 Cu.M,423000000 Cu.M,283990000000 Cu.M,0 Cu.M,0 mt,0 Cu.M,342000 km,169 km,5008 km,1120 km,Asia,Sub-Saharan Africa,92021865893.5,NATO
Lebanon,2.6521,5364482,2092148,1775644,69738,80000,15000,65000,80,0,9,0,9,0,0,68,0,334,6912,12,350,11,48,10190,0,0,0,0,0,0,42,0,800000000,41619000000,65415000000,33301000000,8,1939000,5,51,401 km,21705 km,0 bbl,115000 bbl,0 bbl,0 Cu.M,0 Cu.M,0 Cu.M,0 Cu.M,166000 mt,0 Cu.M,10400 km,225 km,484 km,0 km,Asia,Western Asia,92021865893.5,NATO
Eritrea,2.6841,6343956,2220385,1598677,76127,350000,680000,0,20,1,0,5,1,0,0,13,6,148,1040,45,89,44,23,10190,0,0,0,0,0,0,18,0,219000000,461376000,2534000000,191694000,11,1710000,2,9,306 km,16000 km,0 bbl,5000 bbl,0 bbl,0 Cu.M,0 Cu.M,0 Cu.M,0 Cu.M,0 mt,0 Cu.M,117600 km,2234 km,1840 km,0 km,Africa,Sub-Saharan Africa,92021865893.5,NATO
Niger,2.6867,26342784,7902835,5294900,447827,25000,0,5000,26,0,2,7,0,2,0,13,2,0,1550,0,0,0,0,10190,0,0,0,0,0,0,0,0,488400000,3793000000,47921000000,1442772000,26,10486000,0,0,0 km,18949 km,13000 bbl,18000 bbl,150000000 bbl,29509000 Cu.M,29858000 Cu.M,0 Cu.M,427000 Cu.M,426000 mt,90000000 Cu.M,1267000 km,0 km,5834 km,300 km,Africa,Sub-Saharan Africa,13969605583.0,NATO
Afghanistan,2.7342,40121552,15647405,8826741,842553,75000,0,90000,5,0,0,2,0,0,0,3,0,0,3902,0,0,0,0,10190,0,0,0,0,0,0,0,0,145000000,1929750000,82238000000,8852092000,68,9133000,0,0,0 km,34903 km,0 bbl,58000 bbl,0 bbl,80200000 Cu.M,80200000 Cu.M,49554000000 Cu.M,767000 Cu.M,503000 mt,66000000 Cu.M,652230 km,0 km,5987 km,1200 km,Asia,Southern Asia,92021865893.5,NATO
Namibia,2.7414,2803660,616805,400923,30840,17567,0,5000,36,11,0,5,13,0,0,7,2,7,2402,0,50,55,15,10190,0,0,0,0,0,2,15,0,450498000,9680000000,31154000000,3356000000,259,1131000,2,15,2628 km,48875 km,0 bbl,23000 bbl,0 bbl,0 Cu.M,0 Cu.M,62297000000 Cu.M,0 Cu.M,24000 mt,350000000 Cu.M,824292 km,1572 km,4220 km,0 km,Africa,Sub-Saharan Africa,12607436976.0,NATO
Mauritania,2.7919,4328040,1687936,1181555,82233,31540,66000,5000,23,0,4,7,6,2,0,4,0,51,5024,0,75,0,6,10190,0,0,0,0,0,0,6,0,270625000,3072000000,33069000000,2039000000,25,1210000,2,11,728 km,12253 km,0 bbl,32000 bbl,20000000 bbl,0 Cu.M,0 Cu.M,28317000000 Cu.M,0 Cu.M,0 mt,0 Cu.M,1030700 km,754 km,5002 km,1086 km,Africa,Sub-Saharan Africa,10375460680.0,NATO
Nepal,2.8037,31122387,15249970,11733140,778060,98500,82000,15000,17,0,0,7,0,0,0,10,0,0,1108,0,14,0,0,10190,0,0,0,0,0,0,0,0,431355326,5719000000,149643000000,12456000000,51,8435000,0,0,59 km,64500 km,0 bbl,71000 bbl,0 bbl,0 Cu.M,0 Cu.M,0 Cu.M,9000 Cu.M,1091000 mt,8000000 Cu.M,147181 km,0 km,3159 km,0 km,Asia,Southern Asia,40828247302.0,NATO
Laos,2.8672,7953556,3499565,2521277,159071,100000,30000,120000,29,0,0,2,7,0,0,20,0,160,7725,50,97,64,51,10190,0,0,0,0,0,0,47,0,355600000,9619000000,66905000000,1770000000,20,3585000,0,1,422 km,59647 km,0 bbl,25000 bbl,0 bbl,0 Cu.M,0 Cu.M,0 Cu.M,16629000 Cu.M,15944000 mt,62000000 Cu.M,236800 km,0 km,5274 km,4600 km,Asia,South-eastern Asia,92021865893.5,NATO
Senegal,2.8925,18847519,7162057,4089912,395798,17000,0,0,39,0,0,5,22,1,0,19,5,0,1860,0,20,6,4,10190,0,0,0,0,0,0,4,0,777800000,14985000000,83183000000,889295000,20,5763000,6,36,906 km,16665 km,9000 bbl,65000 bbl,0 bbl,54646000 Cu.M,54498000 Cu.M,0 Cu.M,0 Cu.M,138000 mt,0 Cu.M,196722 km,531 km,2684 km,1000 km,Africa,Sub-Saharan Africa,27684430244.0,NATO
Burkina Faso,2.9213,23042199,8525614,6060098,368675,7500,0,4500,26,0,3,2,0,2,0,19,5,0,876,0,8,9,0,10190,0,0,0,0,0,0,0,0,4590000000,3565000000,60001000000,47138000,49,6461000,0,0,622 km,15304 km,0 bbl,37000 bbl,0 bbl,0 Cu.M,0 Cu.M,0 Cu.M,0 Cu.M,0 mt,0 Cu.M,274200 km,0 km,3611 km,0 km,Africa,Sub-Saharan Africa,18884619613.0,NATO
Montenegro,2.9782,599849,143964,85179,3599,2350,0,5500,10,0,0,0,0,0,0,10,0,0,946,0,12,12,20,10190,0,0,0,0,0,0,14,0,204000000,3643000000,17375000000,1741000000,5,245300,4,18,250 km,7762 km,0 bbl,9000 bbl,0 bbl,0 Cu.M,0 Cu.M,0 Cu.M,1862000 Cu.M,1658000 mt,337000000 Cu.M,13812 km,294 km,680 km,0 km,Europe,Southern Europe,6095978868.0,NATO
El Salvador,2.9973,6628702,3181777,2512278,145831,25000,0,15000,51,0,15,3,10,0,0,28,0,0,2144,0,76,0,13,10190,0,0,0,0,0,0,8,0,1037200000,12668000000,73961000000,3705000000,27,2890000,3,5,13 km,9012 km,3 bbl,56000 bbl,0 bbl,0 Cu.M,226472 Cu.M,0 Cu.M,0 Cu.M,500 mt,0 Cu.M,21041 km,307 km,590 km,422 km,Americas,Latin America and the Caribbean,32488720000.0,NATO
Botswana,2.9993,2450668,1029281,617568,24507,12000,0,0,45,10,0,9,10,0,0,16,0,45,1224,12,36,20,0,10190,0,0,0,0,0,0,0,0,581000000,1761000000,45553000000,3456000000,122,1173000,0,0,888 km,31747 km,0 bbl,22000 bbl,0 bbl,0 Cu.M,0 Cu.M,0 Cu.M,2242000 Cu.M,1351000 mt,1660000000 Cu.M,581730 km,0 km,4347 km,0 km,Africa,Sub-Saharan Africa,20352322157.0,NATO
Madagascar,3.0381,29452714,11192031,7952233,559602,13500,0,8100,6,0,0,1,0,0,0,5,0,12,316,0,17,0,7,10190,0,0,0,0,0,0,5,0,147630000,3548000000,52968000000,2785000000,93,16519000,13,29,836 km,31640 km,0 bbl,20000 bbl,0 bbl,0 Cu.M,0 Cu.M,0 Cu.M,0 Cu.M,472000 mt,150000000 Cu.M,587040 km,4828 km,0 km,600 km,Africa,Sub-Saharan Africa,14954967604.0,NATO
Gabon,3.0432,2455105,932940,532758,46647,5000,0,2500,25,6,0,3,0,0,0,16,0,0,424,0,4,28,5,10190,0,0,0,0,0,0,4,0,340950000,6442000000,48045000000,1447000000,42,824400,9,87,649 km,14300 km,204000 bbl,14000 bbl,2000000000 bbl,463000000 Cu.M,463000000 Cu.M,25995000000 Cu.M,0 Cu.M,0 mt,0 Cu.M,267667 km,885 km,3261 km,1600 km,Africa,Sub-Saharan Africa,21071739228.0,NATO
Bosnia and Herzegovina,3.1291,3798671,2355176,1956316,49383,18000,8000,0,15,0,0,0,0,0,0,15,0,45,892,0,300,24,0,10190,0,0,0,0,0,0,0,0,289920000,5359000000,64641000000,9419000000,20,1356000,1,0,965 km,8619 km,0 bbl,34000 bbl,0 bbl,0 Cu.M,225824000 Cu.M,0 Cu.M,12311000 Cu.M,12304000 mt,2264000000 Cu.M,51197 km,20 km,1543 km,990 km,Europe,Southern Europe,24527507288.0,NATO
Iceland,3.4013,364036,83728,50237,1820,0,0,0,0,0,0,0,0,0,0,0,0,0,350,0,0,0,0,10190,0,0,0,0,0,0,0,0,500000000,24200000000,26561000000,6403000000,82,248400,43,39,0 km,12905 km,0 bbl,19000 bbl,0 bbl,0 Cu.M,0 Cu.M,0 Cu.M,0 Cu.M,137000 mt,0 Cu.M,100250 km,4970 km,0 km,0 km,Europe,Northern Europe,27841648044.0,NATO
Panama,3.5011,4470241,2011608,1206965,53643,16300,0,80000,38,0,0,13,0,2,0,23,0,0,1550,0,0,0,22,10190,0,0,0,0,0,0,14,0,1069750000,1227085530000,164484000000,6856000000,77,2206000,12,8174,77 km,11978 km,0 bbl,131000 bbl,0 bbl,0 Cu.M,389611000 Cu.M,0 Cu.M,0 Cu.M,863000 mt,0 Cu.M,75420 km,2490 km,687 km,800 km,Americas,Latin America and the Caribbean,76522511781.0,NATO
Moldova,3.6225,3599528,2159717,1792565,71991,6500,2000,2000,3,0,0,1,0,0,0,2,0,0,1598,4,67,11,0,10190,0,0,0,0,0,0,0,0,114114000,2637000000,39342000000,5848000000,10,1358000,0,75,1171 km,9488 km,0 bbl,22000 bbl,0 bbl,10000 Cu.M,2344000000 Cu.M,0 Cu.M,0 Cu.M,90000 mt,0 Cu.M,33851 km,0 km,1885 km,558 km,Europe,Eastern Europe,14420947884.0,NATO
Somalia,3.7393,13017273,2993973,1796384,130173,30000,0,2000,6,0,0,0,0,0,0,6,0,0,1104,0,0,0,19,10190,0,0,0,0,0,0,19,0,870000000,2563000000,26770000000,16747500,40,3439000,6,4,0 km,15000 km,0 bbl,6000 bbl,0 bbl,0 Cu.M,0 Cu.M,5663000000 Cu.M,0 Cu.M,0 mt,0 Cu.M,637657 km,3025 km,2385 km,0 km,Africa,Sub-Saharan Africa,8126105600.0,NATO
Benin,3.8963,14697052,5584880,3189260,308638,4750,0,0,7,0,0,1,0,1,0,5,0,0,92,0,16,0,2,10190,0,0,0,0,0,0,2,0,137690000,6309000000,56424000000,698900000,10,6397000,1,6,438 km,16000 km,0 bbl,40000 bbl,8000000 bbl,0 Cu.M,182131000 Cu.M,1133000000 Cu.M,0 Cu.M,164000 mt,0 Cu.M,112622 km,121 km,2123 km,150 km,Africa,Sub-Saharan Africa,17401746309.0,NATO
Kosovo,3.8041,1977093,917371,743387,17794,4000,5000,500,0,0,0,0,0,0,0,0,0,0,1357,0,0,0,0,10190,0,0,0,0,0,0,0,0,1177450000,785739000,25019000000,1310000000,2,500300,0,0,437 km,2248 km,0 bbl,16000 bbl,0 bbl,0 Cu.M,0 Cu.M,0 Cu.M,6924000 Cu.M,6931000 mt,1564000000 Cu.M,10887 km,0 km,714 km,0 km,Asia,Sub-Saharan Africa,92021865893.5,NATO
Sierra Leone,3.9201,9121049,2006631,1203978,45605,13000,0,0,1,0,0,0,0,0,0,1,0,0,350,0,0,0,10,10190,0,0,0,0,0,0,10,0,450000000,1451000000,26728000000,495699000,8,2863000,3,584,0 km,11701 km,0 bbl,9000 bbl,0 bbl,0 Cu.M,0 Cu.M,0 Cu.M,0 Cu.M,0 mt,0 Cu.M,71740 km,402 km,1093 km,800 km,Africa,Sub-Saharan Africa,3970343852.0,NATO
Liberia,3.9275,5437249,2392390,1913912,65247,2100,0,5500,0,0,0,0,0,0,0,0,0,0,550,0,0,0,6,10190,0,0,0,0,0,0,6,0,20700000,1335000000,9308000000,599660000,19,2607000,4,4821,429 km,10600 km,0 bbl,5000 bbl,0 bbl,0 Cu.M,0 Cu.M,0 Cu.M,0 Cu.M,0 mt,0 Cu.M,111369 km,579 km,1667 km,0 km,Africa,Sub-Saharan Africa,4001047150.0,NATO
Suriname,4.0538,646758,142287,84079,3234,2500,0,200,3,0,0,0,0,0,0,3,0,0,1250,0,0,0,17,10190,0,0,0,0,0,0,17,0,58440000,2645000000,12316000000,1632000000,55,255500,4,13,0 km,4304 km,14000 bbl,17000 bbl,89000000 bbl,7109000 Cu.M,6967000 Cu.M,0 Cu.M,0 Cu.M,0 mt,0 Cu.M,163820 km,386 km,1907 km,1200 km,Americas,Latin America and the Caribbean,3620655116.0,NATO
Central African Republic,4.2381,5650957,2203873,1254512,101717,30000,0,1000,8,0,8,0,0,0,0,0,0,0,270,0,0,0,0,10190,0,0,0,0,0,0,0,0,300000000,724179000,5926000000,374405000,43,2000000,0,0,0 km,24000 km,0 bbl,2000 bbl,0 bbl,0 Cu.M,0 Cu.M,0 Cu.M,0 Cu.M,0 mt,3000000 Cu.M,622984 km,0 km,5920 km,2800 km,Africa,Sub-Saharan Africa,2382618615.0,NATO
Beliz,4.3602,415789,158000,90226,8732,2000,850,0,3,0,0,1,0,1,0,1,0,0,164,0,0,0,15,10190,0,0,0,0,0,0,15,0,34400000,1235000000,5538000000,498087000,27,190000,2,774,0 km,3281 km,800 bbl,5000 bbl,6700000 bbl,0 Cu.M,0 Cu.M,0 Cu.M,0 Cu.M,0 mt,0 Cu.M,22966 km,386 km,542 km,825 km,Asia,Sub-Saharan Africa,92021865893.5,NATO
Bhutan,5.7991,884546,203446,122067,4423,16000,50000,0,2,0,0,0,0,0,0,2,0,0,78,0,0,0,0,10190,0,0,0,0,0,0,0,0,26600000,2827000000,11517000000,941018000,4,406500,0,0,0 km,12205 km,0 bbl,4000 bbl,0 bbl,0 Cu.M,0 Cu.M,0 Cu.M,4000 Cu.M,105000 mt,0 Cu.M,38394 km,0 km,1136 km,0 km,Asia,Southern Asia,92021865893.5,NATO
